区域,子区域,房产名称,位置,成交日期,户型,价格(HKD),面积(呎),单价,特色
港島東,太古西灣河,嘉兆大廈 高層 F室,N/A,03/04/2025,2房,$398 萬,337 呎,"$11,810",N/A
港島東,太古西灣河,形薈 1A座 中層 D室,N/A,03/04/2025,開放式,"$16,000",331 呎,$48,露台 | | 工作平台
港島東,太古西灣河,太古城 海景花園(西) 金楓閣 低層 C室,N/A,03/04/2025,3房,"$1,300 萬",897 呎,"$14,493",N/A
港島東,太古西灣河,東熹苑 景熹閣 (A座) 12樓 11室,N/A,02/04/2025,1房,$570 萬,606 呎,"$9,406",N/A
港島東,太古西灣河,太古城 海天花園 南天閣 15樓 H室,N/A,02/04/2025,2房,$960 萬,592 呎,"$16,216",N/A
港島東,太古西灣河,太古城 安盛台 建安閣 14樓 D室,N/A,02/04/2025,2房,$800 萬,580 呎,"$13,793",N/A
港島東,太古西灣河,太安樓 23樓 56室,N/A,01/04/2025,-,$318 萬,352 呎,"$9,034",N/A
港島東,太古西灣河,太古城 海天花園 南天閣 高層 B室,N/A,01/04/2025,3房,$908 萬,604 呎,"$15,033",N/A
港島東,太古西灣河,興祥大廈 15樓 I室,N/A,01/04/2025,2房,$320 萬,388 呎,"$8,247",N/A
港島東,太古西灣河,太古城 星輝台 銀星閣 9樓 G室,N/A,01/04/2025,3房,$795 萬,719 呎,"$11,057",N/A
港島東,太古西灣河,太古城 高山台 富山閣 低層 B室,N/A,01/04/2025,3房,"$25,500",684 呎,$37,N/A
港島東,太古西灣河,嘉亨灣 1座 高層 F室,N/A,01/04/2025,2房,"$26,000",499 呎,$52,N/A
港島東,太古西灣河,太古城 金殿臺 夏宮閣 15樓 G室,N/A,01/04/2025,2房,$830 萬,580 呎,"$14,310",N/A
港島東,太古西灣河,太順樓 9樓 L室,N/A,01/04/2025,-,$250 萬,311 呎,"$8,039",N/A
港島東,太古西灣河,逸濤灣 冬和軒 35樓 C室,N/A,01/04/2025,3房,"$1,554 萬",741 呎,"$20,969",N/A
港島東,太古西灣河,逸濤灣 冬和軒 40樓 E室,N/A,31/03/2025,3房,"$1,415 萬",766 呎,"$18,473",N/A
港島東,太古西灣河,興祥大廈 3樓 F室,N/A,31/03/2025,4房,$396 萬,593 呎,"$6,678",N/A
港島東,太古西灣河,港島．東18 中層 D室,N/A,31/03/2025,1房,"$15,000",356 呎,$42,露台 | | 工作平台
港島東,太古西灣河,嘉亨灣 6座 9樓 C室,N/A,31/03/2025,3房,"$1,080 萬",749 呎,"$14,419",露台 | | 工作平台
港島東,太古西灣河,太古城 高山台 泰山閣 中層 A室,N/A,31/03/2025,3房,$818 萬,706 呎,"$11,586",N/A
港島東,太古西灣河,港島．東18 5樓 E室,N/A,31/03/2025,1房,$300 萬,264 呎,"$11,364",平台
港島東,太古西灣河,嘉亨灣 2座 低層 H室,N/A,29/03/2025,2房,"$22,000",490 呎,$45,N/A
港島東,太古西灣河,太古城 星輝台 耀星閣 中層 D室,N/A,28/03/2025,2房,$710 萬,503 呎,"$14,115",N/A
港島東,太古西灣河,藍灣半島 8座 49樓 D室,N/A,28/03/2025,3房,"$1,200 萬",825 呎,"$14,545",N/A
港島東,太古西灣河,形薈 2座 32樓 F室,N/A,28/03/2025,2房,$815 萬,466 呎,"$17,489",露台 | | 工作平台
港島東,太古西灣河,太古城 翠湖台 太湖閣 高層 D室,N/A,28/03/2025,2房,$668 萬,583 呎,"$11,458",N/A
港島東,太古西灣河,西灣大廈 8樓 B室,N/A,28/03/2025,-,$238 萬,226 呎,"$10,531",N/A
港島東,太古西灣河,太古城 安盛台 興安閣 8樓 A室,N/A,28/03/2025,2房,$797 萬,583 呎,"$13,671",N/A
港島東,太古西灣河,鯉景灣 A段 觀暉閣 11樓 F室,N/A,28/03/2025,2房,$653 萬,485 呎,"$13,464",N/A
港島東,太古西灣河,太安樓 13樓 49室,N/A,28/03/2025,-,$280 萬,352 呎,"$7,955",N/A
港島東,太古西灣河,太古城 金殿臺 唐宮閣 低層 E室,N/A,28/03/2025,2房,"$22,800",545 呎,$42,N/A
港島東,太古西灣河,嘉禮樓 1樓 4室,N/A,27/03/2025,-,$438 萬,687 呎,"$6,376",N/A
港島東,太古西灣河,太順樓 4樓 O室,N/A,27/03/2025,-,$248 萬,311 呎,"$7,974",N/A
港島東,太古西灣河,都會大樓 3樓 A室,N/A,27/03/2025,-,$300 萬,427 呎,"$7,026",N/A
港島東,太古西灣河,藍灣半島 2座 33樓 B室,N/A,27/03/2025,3房,$870 萬,605 呎,"$14,380",N/A
港島東,太古西灣河,太古城 海景花園(西) 金楓閣 10樓 E室,N/A,27/03/2025,3房,"$1,320 萬",922 呎,"$14,317",露台
港島東,太古西灣河,東熹苑 逸熹閣 (B座) 35樓 13室,N/A,27/03/2025,1房,$445 萬,538 呎,"$8,271",N/A
港島東,太古西灣河,東熹苑 景熹閣 (A座) 2樓 7室,N/A,26/03/2025,開放式,$273 萬,438 呎,"$6,233",N/A
港島東,太古西灣河,太古城 海景花園(西) 翠榕閣 25樓 C室,N/A,26/03/2025,3房,"$1,250 萬",897 呎,"$13,935",N/A
港島東,太古西灣河,太古城 高山台 廬山閣 18樓 A室,N/A,26/03/2025,2房,$708 萬,518 呎,"$13,668",N/A
港島東,太古西灣河,嘉亨灣 6座 高層 C室,N/A,26/03/2025,3房,"$37,000",749 呎,$49,N/A
港島東,太古西灣河,太古城 海天花園 啟天閣 中層 A室,N/A,26/03/2025,3房,"$35,000",759 呎,$46,N/A
港島東,太古西灣河,嘉亨灣 1座 高層 C室,N/A,25/03/2025,2房,"$26,000",462 呎,$56,N/A
港島東,太古西灣河,鯉景灣 A段 觀景閣 低層 C室,N/A,25/03/2025,2房,"$19,500",489 呎,$40,N/A
港島東,太古西灣河,太古城 安盛台 順安閣 11樓 H室,N/A,25/03/2025,3房,$903 萬,703 呎,"$12,845",N/A
港島東,太古西灣河,太安樓 21樓 61室,N/A,25/03/2025,-,$290 萬,352 呎,"$8,239",N/A
港島東,太古西灣河,嘉兆大廈 8樓 F室,N/A,24/03/2025,2房,$330 萬,337 呎,"$9,792",N/A
港島東,太古西灣河,太古城 安盛台 順安閣 高層 E室,N/A,24/03/2025,2房,"$24,000",530 呎,$45,N/A
港島東,太古西灣河,太古城 星輝台 衛星閣 低層 B室,N/A,24/03/2025,2房,"$22,000",582 呎,$38,N/A
港島東,太古西灣河,樂融軒 中層 A室,N/A,24/03/2025,3房,"$29,000",671 呎,$43,露台 | | 工作平台
港島東,太古西灣河,太古城 高山台 天山閣 低層 G室,N/A,23/03/2025,2房,"$23,000",536 呎,$43,N/A
港島東,太古西灣河,鯉景灣 D段 安明閣 低層 A室,N/A,22/03/2025,3房,"$24,500",565 呎,$43,N/A
港島東,太古西灣河,太古城 海天花園 恆天閣 中層 E室,N/A,22/03/2025,2房,"$24,000",584 呎,$41,N/A
港島東,太古西灣河,東熹苑 逸熹閣 (B座) 19樓 2室,N/A,21/03/2025,1房,$465 萬,603 呎,"$7,711",N/A
港島東,太古西灣河,太古城 海天花園 啟天閣 低層 F室,N/A,21/03/2025,3房,"$1,010 萬",680 呎,"$14,853",N/A
港島東,太古西灣河,鯉景灣 B段 逸星閣 11樓 C室,N/A,21/03/2025,2房,$650 萬,485 呎,"$13,402",N/A
港島東,太古西灣河,港島．東18 9樓 C室,N/A,21/03/2025,3房,$580 萬,533 呎,"$10,882",露台 | | 工作平台
港島東,太古西灣河,太安樓 10樓 62室,N/A,21/03/2025,-,$220 萬,352 呎,"$6,250",N/A
港島東,太古西灣河,太古城 海景花園(西) 紫樺閣 19樓 E室,N/A,21/03/2025,3房,"$1,310 萬",922 呎,"$14,208",N/A
港島東,太古西灣河,太安樓 8樓 54室,N/A,21/03/2025,-,$270 萬,352 呎,"$7,670",N/A
港島東,太古西灣河,嘉亨灣 1座 高層 H室,N/A,21/03/2025,2房,"$24,000",493 呎,$49,N/A
港島東,太古西灣河,太古城 海景花園(西) 金楓閣 3樓 H室,N/A,20/03/2025,-,"$1,460 萬","1,114 呎","$13,106",N/A
港島東,太古西灣河,太古城 安盛台 寧安閣 3樓 G室,N/A,20/03/2025,2房,$680 萬,530 呎,"$12,830",平台
港島東,太古西灣河,太康樓 8樓 A室,N/A,20/03/2025,-,$400 萬,434 呎,"$9,217",N/A
港島東,太古西灣河,太安樓 13樓 15室,N/A,20/03/2025,-,$290 萬,352 呎,"$8,239",N/A
港島東,太古西灣河,太古城 翠湖台 太湖閣 7樓 H室,N/A,19/03/2025,2房,$623 萬,583 呎,"$10,686",露台
港島東,太古西灣河,太古城 海天花園 南天閣 低層 A室,N/A,19/03/2025,2房,"$28,000",592 呎,$47,N/A
港島東,太古西灣河,樂融軒 12樓 H室,N/A,19/03/2025,3房,$910 萬,635 呎,"$14,331",露台 | | 工作平台
港島東,太古西灣河,鯉景灣 B段 逸康閣 11樓 A室,N/A,19/03/2025,3房,"$1,163 萬",799 呎,"$14,553",露台
港島東,太古西灣河,太古城 金殿臺 漢宮閣 低層 G室,N/A,19/03/2025,3房,"$30,000",723 呎,$41,N/A
港島東,太古西灣河,形薈 1B座 低層 E室,N/A,18/03/2025,1房,"$20,000",360 呎,$56,露台
港島東,太古西灣河,太古城 翠湖台 洞庭閣 18樓 D室,N/A,18/03/2025,2房,$600 萬,489 呎,"$12,270",N/A
港島東,太古西灣河,樂融軒 40樓 B室,N/A,18/03/2025,2房,$855 萬,501 呎,"$17,066",露台
港島東,太古西灣河,東熹苑 華熹閣 (C座) 15樓 8室,N/A,18/03/2025,1房,$488 萬,546 呎,"$8,938",N/A
港島東,太古西灣河,太古城 海景花園(東) 雅蓮閣 13樓 C室,N/A,17/03/2025,3房,"$1,191 萬",897 呎,"$13,278",N/A
港島東,太古西灣河,太古城 海景花園(東) 雅蓮閣 26樓 B室,N/A,17/03/2025,3房,"$1,842 萬","1,015 呎","$18,148",N/A
港島東,太古西灣河,欣景花園 1座 9樓 G室,N/A,17/03/2025,3房,$680 萬,681 呎,"$9,985",N/A
港島東,太古西灣河,太古城 海天花園 彩天閣 6樓 A室,N/A,17/03/2025,3房,"$1,120 萬",760 呎,"$14,737",N/A
港島東,太古西灣河,欣景花園 2座 26樓 F室,N/A,17/03/2025,3房,$672 萬,652 呎,"$10,307",N/A
港島東,太古西灣河,太古城 金殿臺 明宮閣 24樓 A室,N/A,14/03/2025,3房,$823 萬,702 呎,"$11,724",N/A
港島東,太古西灣河,嘉亨灣 2座 中層 G室,N/A,14/03/2025,2房,"$23,500",498 呎,$47,N/A
港島東,太古西灣河,嘉亨灣 1座 39樓 B室,N/A,14/03/2025,3房,"$1,370 萬",673 呎,"$20,357",露台 | | 工作平台
港島東,太古西灣河,形薈 1A座 5樓 G室,N/A,14/03/2025,開放式,$422 萬,281 呎,"$15,018",露台
港島東,太古西灣河,鯉景灣 A段 觀暉閣 中層 E室,N/A,14/03/2025,2房,$705 萬,536 呎,"$13,153",N/A
港島東,太古西灣河,太古城 海景花園(西) 翠榕閣 24樓 C室,N/A,14/03/2025,3房,$980 萬,897 呎,"$10,925",N/A
港島東,太古西灣河,鯉景灣 B段 逸康閣 8樓 C室,N/A,14/03/2025,2房,$648 萬,489 呎,"$13,252",N/A
港島東,太古西灣河,太順樓 9樓 O室,N/A,13/03/2025,-,$243 萬,311 呎,"$7,814",N/A
港島東,太古西灣河,太安樓 8樓 56室,N/A,13/03/2025,-,$256 萬,352 呎,"$7,273",N/A
港島東,太古西灣河,太古城 高山台 鳳山閣 14樓 F室,N/A,13/03/2025,2房,$788 萬,582 呎,"$13,540",N/A
港島東,太古西灣河,太古城 金殿臺 夏宮閣 7樓 B室,N/A,13/03/2025,2房,$930 萬,580 呎,"$16,034",車位
港島東,太古西灣河,藍灣半島 6座 29樓 B室,N/A,12/03/2025,3房,"$1,080 萬",811 呎,"$13,317",N/A
港島東,太古西灣河,鯉景灣 A段 觀海閣 高層 B室,N/A,12/03/2025,3房,"$27,500",672 呎,$41,N/A
港島東,太古西灣河,嘉亨灣 6座 低層 G室,N/A,12/03/2025,2房,"$22,000",508 呎,$43,N/A
港島東,太古西灣河,太古城 安盛台 興安閣 17樓 H室,N/A,11/03/2025,2房,$810 萬,583 呎,"$13,894",N/A
港島東,太古西灣河,嘉亨灣 3座 中層 D室,N/A,11/03/2025,3房,"$48,500",942 呎,$51,N/A
港島東,太古西灣河,鯉景灣 D段 安翠閣 中層 F室,N/A,10/03/2025,3房,"$24,000",540 呎,$44,N/A
港島東,太古西灣河,逸濤灣 冬和軒 47樓 B室,N/A,10/03/2025,2房,"$1,268 萬",602 呎,"$21,063",N/A
港島東,太古西灣河,太古城 海天花園 富天閣 8樓 C室,N/A,10/03/2025,3房,"$1,100 萬",717 呎,"$15,342",N/A
港島東,太古西灣河,太古城 高山台 金山閣 中層 E室,N/A,10/03/2025,2房,"$23,500",593 呎,$40,N/A
港島東,太古西灣河,東欣苑 B座 7樓 14室,N/A,10/03/2025,1房,$525 萬,622 呎,"$8,441",N/A
港島東,太古西灣河,太安樓 8樓 38室,N/A,10/03/2025,-,$238 萬,274 呎,"$8,686",N/A
港島東,太古西灣河,太古城 翠湖台 鄱陽閣 中層 B室,N/A,10/03/2025,2房,"$18,000",489 呎,$37,N/A
港島東,太古西灣河,太古城 海天花園 逸天閣 中層 B室,N/A,09/03/2025,2房,"$24,500",563 呎,$44,N/A
港島東,太古西灣河,太古城 海景花園(西) 綠楊閣 高層 E室,N/A,09/03/2025,3房,"$38,000",922 呎,$41,N/A
港島東,太古西灣河,逸瑆 中層 F室,N/A,08/03/2025,1房,"$18,500",385 呎,$48,露台
港島東,太古西灣河,太古城 觀海台 北海閣 中層 B室,N/A,08/03/2025,3房,"$33,500",723 呎,$46,N/A
港島東,太古西灣河,藍灣半島 8座 低層 D室,N/A,08/03/2025,3房,"$35,200",825 呎,$43,N/A
港島東,太古西灣河,逸瑆 6樓 F室,N/A,07/03/2025,1房,$520 萬,385 呎,"$13,506",露台 | | 工作平台
港島東,太古西灣河,太古城 星輝台 金星閣 27樓 H室,N/A,07/03/2025,2房,$788 萬,582 呎,"$13,540",N/A
港島東,太古西灣河,海順大廈 3樓 A室,N/A,07/03/2025,1房,$323 萬,305 呎,"$10,590",N/A
港島東,太古西灣河,嘉亨灣 3座 62樓 B室,N/A,07/03/2025,3房,"$3,238 萬","1,129 呎","$28,680",露台 | | 工作平台
港島東,太古西灣河,利發樓 1樓 A室,N/A,07/03/2025,-,$300 萬,298 呎,"$10,067",N/A
港島東,太古西灣河,鯉景灣 A段 觀峰閣 9樓 A室,N/A,07/03/2025,3房,"$1,080 萬",797 呎,"$13,551",露台
港島東,太古西灣河,藍灣半島 1座 36樓 A室,N/A,07/03/2025,3房,$810 萬,615 呎,"$13,171",N/A
港島東,太古西灣河,太古城 海天花園 啟天閣 18樓 F室,N/A,07/03/2025,3房,"$1,100 萬",680 呎,"$16,176",N/A
港島東,太古西灣河,藍灣半島 7座 低層 F室,N/A,06/03/2025,2房,"$19,000",457 呎,$42,N/A
港島東,太古西灣河,太安樓 10樓 43室,N/A,06/03/2025,-,$275 萬,352 呎,"$7,813",N/A
港島東,太古西灣河,太古城 海景花園(西) 銀柏閣 4樓 E室,N/A,06/03/2025,3房,"$1,200 萬",922 呎,"$13,015",N/A
港島東,太古西灣河,藍灣半島 3座 47樓 G室,N/A,05/03/2025,2房,$590 萬,455 呎,"$12,967",N/A
港島東,太古西灣河,太安樓 11樓 44室,N/A,05/03/2025,-,$300 萬,352 呎,"$8,523",N/A
港島東,太古西灣河,太古城 高山台 天山閣 低層 B室,N/A,05/03/2025,3房,"$27,500",689 呎,$40,N/A
港島東,太古西灣河,海利大廈 14樓 A室,N/A,05/03/2025,-,$200 萬,194 呎,"$10,309",N/A
港島東,太古西灣河,柏匯 6樓 K室,N/A,05/03/2025,開放式,$340 萬,187 呎,"$18,182",平台 | | 露台
港島東,太古西灣河,東熹苑 逸熹閣 (B座) 36樓 7室,N/A,05/03/2025,開放式,$295 萬,433 呎,"$6,813",N/A
港島東,太古西灣河,太安樓 27樓 16室,N/A,04/03/2025,-,$250 萬,352 呎,"$7,102",N/A
港島東,太古西灣河,太古城 高山台 南山閣 13樓 G室,N/A,03/03/2025,2房,$755 萬,582 呎,"$12,973",N/A
港島東,太古西灣河,太古城 安盛台 高安閣 20樓 B室,N/A,03/03/2025,3房,"$1,000 萬",701 呎,"$14,265",N/A
港島東,太古西灣河,鯉景灣 D段 安明閣 14樓 E室,N/A,03/03/2025,2房,$600 萬,520 呎,"$11,538",N/A
港島東,太古西灣河,嘉亨灣 3座 35樓 C室,N/A,03/03/2025,3房,"$2,200 萬",947 呎,"$23,231",露台 | | 工作平台
港島東,太古西灣河,太古城 海天花園 富天閣 23樓 C室,N/A,03/03/2025,3房,"$1,120 萬",717 呎,"$15,621",N/A
港島東,太古西灣河,太古城 翠湖台 洞庭閣 低層 D室,N/A,03/03/2025,2房,"$17,200",489 呎,$35,N/A
港島東,太古西灣河,The Holborn A座 高層 A1室,N/A,03/03/2025,2房,"$31,000",452 呎,$69,露台 | | 工作平台
港島東,太古西灣河,太古城 金殿臺 夏宮閣 中層 A室,N/A,02/03/2025,3房,"$27,000",702 呎,$38,N/A
港島東,太古西灣河,嘉亨灣 1座 中層 C室,N/A,02/03/2025,2房,"$26,800",462 呎,$58,N/A
港島東,太古西灣河,太古城 海景花園(西) 銀柏閣 高層 F室,N/A,01/03/2025,3房,"$52,000","1,046 呎",$50,天台
港島東,太古西灣河,太古城 星輝台 金星閣 低層 F室,N/A,01/03/2025,3房,"$28,500",701 呎,$41,N/A
港島東,太古西灣河,太古城 金殿臺 元宮閣 中層 H室,N/A,01/03/2025,3房,"$30,000",709 呎,$42,N/A
港島東,太古西灣河,鯉景灣 B段 逸康閣 低層 E室,N/A,01/03/2025,-,"$24,180",536 呎,$45,花園
港島東,太古西灣河,太古城 觀海台 南海閣 中層 G室,N/A,01/03/2025,2房,"$25,000",587 呎,$43,N/A
港島東,太古西灣河,鯉景灣 A段 觀峰閣 6樓 D室,N/A,28/02/2025,2房,$696 萬,536 呎,"$12,985",N/A
港島東,太古西灣河,鯉景灣 A段 觀暉閣 13樓 C室,N/A,28/02/2025,2房,$620 萬,489 呎,"$12,679",N/A
港島東,太古西灣河,藍灣半島 5座 52樓 H室,N/A,28/02/2025,1房,$501 萬,323 呎,"$15,511",N/A
港島東,太古西灣河,太古城 安盛台 順安閣 9樓 C室,N/A,27/02/2025,2房,$788 萬,580 呎,"$13,586",N/A
港島東,太古西灣河,太古城 海景花園(東) 海棠閣 中層 F室,N/A,27/02/2025,3房,"$38,000",897 呎,$42,N/A
港島東,太古西灣河,太古城 金殿臺 夏宮閣 6樓 D室,N/A,27/02/2025,3房,$873 萬,702 呎,"$12,436",N/A
港島東,太古西灣河,柏匯 16樓 G室,N/A,27/02/2025,開放式,$330 萬,209 呎,"$15,789",露台
港島東,太古西灣河,太安樓 25樓 7室,N/A,27/02/2025,-,$300 萬,352 呎,"$8,523",N/A
港島東,太古西灣河,麗灣大廈 5樓 W室,N/A,26/02/2025,-,$300 萬,354 呎,"$8,475",N/A
港島東,太古西灣河,寶文大廈 12樓 D室,N/A,26/02/2025,2房,$438 萬,489 呎,"$8,957",N/A
港島東,太古西灣河,太古城 安盛台 順安閣 21樓 F室,N/A,26/02/2025,2房,$810 萬,580 呎,"$13,966",N/A
港島東,太古西灣河,嘉亨灣 6座 70樓 H室,N/A,26/02/2025,2房,$870 萬,497 呎,"$17,505",露台 | | 工作平台
港島東,太古西灣河,太安樓 8樓 57室,N/A,26/02/2025,-,$235 萬,352 呎,"$6,676",N/A
港島東,太古西灣河,鯉景灣 A段 觀峰閣 11樓 D室,N/A,25/02/2025,2房,$710 萬,536 呎,"$13,246",N/A
港島東,太古西灣河,興祥大廈 8樓 M室,N/A,25/02/2025,2房,$238 萬,287 呎,"$8,293",N/A
港島東,太古西灣河,嘉亨灣 6座 中層 E室,N/A,25/02/2025,2房,"$24,000",527 呎,$46,N/A
港島東,太古西灣河,太古城 星輝台 智星閣 中層 G室,N/A,25/02/2025,3房,"$26,300",664 呎,$40,N/A
港島東,太古西灣河,太古城 海景花園(西) 銀柏閣 7樓 B室,N/A,25/02/2025,3房,"$1,550 萬","1,015 呎","$15,271",N/A
港島東,太古西灣河,麗灣大廈 13樓 O室,N/A,25/02/2025,-,$290 萬,390 呎,"$7,436",N/A
港島東,太古西灣河,太安樓 9樓 21室,N/A,25/02/2025,-,$265 萬,352 呎,"$7,528",N/A
港島東,太古西灣河,太古城 海景花園(西) 翠榕閣 28樓 G室,N/A,24/02/2025,3房,"$1,680 萬","1,015 呎","$16,552",N/A
港島東,太古西灣河,藍灣半島 9座 20樓 A室,N/A,24/02/2025,3房,"$1,178 萬",850 呎,"$13,859",N/A
港島東,太古西灣河,太古城 海天花園 海天閣 中層 C室,N/A,24/02/2025,3房,"$33,000",792 呎,$42,N/A
港島東,太古西灣河,The Holborn B座 低層 B3室,N/A,23/02/2025,1房,"$16,800",255 呎,$66,露台
港島東,太古西灣河,太古城 安盛台 建安閣 低層 H室,N/A,22/02/2025,2房,"$24,000",580 呎,$41,N/A
港島東,太古西灣河,嘉亨灣 5座 低層 G室,N/A,22/02/2025,2房,"$23,600",498 呎,$47,N/A
港島東,太古西灣河,鯉景灣 C段 怡茵閣 低層 G室,N/A,22/02/2025,3房,"$28,000",666 呎,$42,N/A
港島東,太古西灣河,太古城 觀海台 北海閣 中層 F室,N/A,22/02/2025,2房,"$25,000",572 呎,$44,N/A
港島東,太古西灣河,柏匯 高層 F室,N/A,22/02/2025,開放式,"$13,500",211 呎,$64,露台
港島東,太古西灣河,太古城 高山台 廬山閣 中層 H室,N/A,22/02/2025,2房,"$21,500",518 呎,$42,N/A
港島東,太古西灣河,太古城 安盛台 高安閣 高層 H室,N/A,22/02/2025,2房,"$21,500",580 呎,$37,N/A
港島東,太古西灣河,形薈 1A座 中層 A室,N/A,22/02/2025,2房,"$19,938",489 呎,$41,露台
港島東,太古西灣河,太康樓 G樓 F室,N/A,21/02/2025,-,$198 萬,267 呎,"$7,416",N/A
港島東,太古西灣河,太古城 高山台 東山閣 4樓 D室,N/A,21/02/2025,3房,$988 萬,762 呎,"$12,966",N/A
港島東,太古西灣河,太古城 觀海台 南海閣 21樓 G室,N/A,21/02/2025,2房,$873 萬,587 呎,"$14,872",N/A
港島東,太古西灣河,欣景花園 1座 18樓 B室,N/A,21/02/2025,3房,$713 萬,652 呎,"$10,936",N/A
港島東,太古西灣河,太古城 安盛台 寧安閣 低層 F室,N/A,21/02/2025,2房,"$21,000",530 呎,$40,N/A
港島東,太古西灣河,太古城 翠湖台 洞庭閣 高層 E室,N/A,20/02/2025,2房,"$22,000",489 呎,$45,N/A
港島東,太古西灣河,美東大廈 6樓 B室,N/A,20/02/2025,2房,$272 萬,298 呎,"$9,128",露台
港島東,太古西灣河,The Holborn B座 中層 B9室,N/A,20/02/2025,開放式,"$15,300",221 呎,$69,露台
港島東,太古西灣河,太古城 金殿臺 燕宮閣 高層 F室,N/A,20/02/2025,3房,"$27,000",716 呎,$38,N/A
港島東,太古西灣河,鯉景灣 A段 觀景閣 12樓 A室,N/A,20/02/2025,3房,"$1,120 萬",797 呎,"$14,053",露台
港島東,太古西灣河,君悅軒 33樓 C室,N/A,20/02/2025,-,$628 萬,475 呎,"$13,221",N/A
港島東,太古西灣河,太古城 海天花園 啟天閣 26樓 H室,N/A,19/02/2025,3房,"$1,000 萬",786 呎,"$12,723",N/A
港島東,太古西灣河,形薈 1A座 低層 A室,N/A,19/02/2025,2房,"$23,000",489 呎,$47,露台
港島東,太古西灣河,君悅軒 低層 B室,N/A,19/02/2025,-,"$21,500",636 呎,$34,N/A
港島東,太古西灣河,鯉景灣 B段 逸康閣 11樓 F室,N/A,18/02/2025,2房,$590 萬,485 呎,"$12,165",N/A
港島東,太古西灣河,太古城 海天花園 啟天閣 高層 D室,N/A,18/02/2025,3房,"$28,000",763 呎,$37,N/A
港島東,太古西灣河,The Holborn B座 高層 B2室,N/A,17/02/2025,1房,"$17,300",255 呎,$68,露台
港島東,太古西灣河,太古城 星輝台 智星閣 高層 E室,N/A,16/02/2025,2房,"$23,500",502 呎,$47,N/A
港島東,太古西灣河,太古城 星輝台 恆星閣 低層 E室,N/A,16/02/2025,3房,"$32,000",748 呎,$43,N/A
港島東,太古西灣河,太古城 金殿臺 明宮閣 低層 C室,N/A,15/02/2025,2房,"$23,500",582 呎,$40,N/A
港島東,太古西灣河,鯉景灣 A段 觀暉閣 高層 F室,N/A,15/02/2025,2房,"$18,000",485 呎,$37,N/A
港島東,太古西灣河,藍灣半島 7座 11樓 E室,N/A,14/02/2025,3房,$660 萬,566 呎,"$11,661",N/A
港島東,太古西灣河,鯉景灣 A段 觀景閣 5樓 C室,N/A,14/02/2025,2房,$635 萬,489 呎,"$12,986",N/A
港島東,太古西灣河,太安樓 22樓 49室,N/A,14/02/2025,-,$298 萬,352 呎,"$8,466",N/A
港島東,太古西灣河,形薈 1A座 高層 G室,N/A,13/02/2025,開放式,"$15,500",281 呎,$55,露台
港島東,太古西灣河,太古城 海景花園(東) 碧藤閣 12樓 D室,N/A,13/02/2025,3房,"$1,230 萬",922 呎,"$13,341",N/A
港島東,太古西灣河,太古城 海景花園(西) 綠楊閣 27樓 C室,N/A,13/02/2025,3房,"$1,130 萬",897 呎,"$12,598",N/A
港島東,太古西灣河,欣景花園 4座 14樓 C室,N/A,13/02/2025,3房,$790 萬,681 呎,"$11,601",N/A
港島東,太古西灣河,太古城 金殿臺 齊宮閣 14樓 D室,N/A,13/02/2025,2房,$840 萬,580 呎,"$14,483",N/A
港島東,太古西灣河,筲箕灣道233-235號 1樓 233室,N/A,12/02/2025,-,$330 萬,533 呎,"$6,191",平台
港島東,太古西灣河,形薈 1A座 中層 E室,N/A,12/02/2025,開放式,"$15,500",307 呎,$50,露台
港島東,太古西灣河,逸濤灣 春瑤軒 46樓 E室,N/A,12/02/2025,3房,"$1,538 萬",710 呎,"$21,662",N/A
港島東,太古西灣河,利基大廈 21樓 8室,N/A,12/02/2025,2房,$300 萬,277 呎,"$10,830",平台
港島東,太古西灣河,太古城 高山台 南山閣 19樓 D室,N/A,12/02/2025,3房,$859 萬,689 呎,"$12,467",N/A
港島東,太古西灣河,樂融軒 12樓 F室,N/A,12/02/2025,2房,$688 萬,508 呎,"$13,543",露台
港島東,太古西灣河,太古城 高山台 華山閣 26樓 G室,N/A,11/02/2025,3房,$975 萬,685 呎,"$14,234",N/A
港島東,太古西灣河,東熹苑 逸熹閣 (B座) 24樓 14室,N/A,11/02/2025,開放式,$310 萬,435 呎,"$7,126",N/A
港島東,太古西灣河,逸濤灣 三 ( 秋盈軒 ) 高層 B室,N/A,11/02/2025,2房,"$26,800",554 呎,$48,N/A
港島東,太古西灣河,太古城 觀海台 南海閣 中層 E室,N/A,11/02/2025,2房,"$20,500",488 呎,$42,N/A
港島東,太古西灣河,嘉亨灣 2座 37樓 G室,N/A,11/02/2025,2房,$847 萬,498 呎,"$17,004",露台 | | 工作平台
港島東,太古西灣河,太古城 安盛台 建安閣 23樓 C室,N/A,11/02/2025,3房,$930 萬,703 呎,"$13,229",N/A
港島東,太古西灣河,鯉景灣 A段 觀峰閣 3樓 A室,N/A,11/02/2025,3房,$960 萬,797 呎,"$12,045",露台
港島東,太古西灣河,太古城 海天花園 恆天閣 7樓 H室,N/A,10/02/2025,2房,$850 萬,584 呎,"$14,555",N/A
港島東,太古西灣河,太古城 星輝台 天星閣 23樓 A室,N/A,10/02/2025,2房,$880 萬,580 呎,"$15,172",N/A
港島東,太古西灣河,鯉景灣 A段 觀景閣 10樓 B室,N/A,10/02/2025,3房,$912 萬,678 呎,"$13,451",N/A
港島東,太古西灣河,嘉亨灣 2座 低層 H室,N/A,09/02/2025,2房,"$24,800",490 呎,$51,N/A
港島東,太古西灣河,太古城 高山台 寶山閣 低層 D室,N/A,09/02/2025,3房,"$25,000",689 呎,$36,N/A
港島東,太古西灣河,太古城 金殿臺 燕宮閣 中層 H室,N/A,08/02/2025,3房,"$34,000",747 呎,$46,N/A
港島東,太古西灣河,嘉亨灣 3座 高層 B室,N/A,08/02/2025,3房,"$57,000","1,013 呎",$56,N/A
港島東,太古西灣河,太古城 星輝台 銀星閣 低層 G室,N/A,07/02/2025,3房,"$26,000",719 呎,$36,N/A
港島東,太古西灣河,藍灣半島 2座 11樓 D室,N/A,07/02/2025,3房,$790 萬,596 呎,"$13,255",N/A
港島東,太古西灣河,太古城 金殿臺 漢宮閣 18樓 B室,N/A,07/02/2025,2房,$838 萬,580 呎,"$14,448",N/A
港島東,太古西灣河,海澄大廈 17樓 5室,N/A,06/02/2025,-,$290 萬,316 呎,"$9,177",N/A
港島東,太古西灣河,太古城 金殿臺 明宮閣 15樓 G室,N/A,06/02/2025,2房,$697 萬,582 呎,"$11,976",N/A
港島東,太古西灣河,形薈 1B座 20樓 B室,N/A,06/02/2025,1房,$580 萬,357 呎,"$16,246",露台
港島東,太古西灣河,嘉亨灣 5座 高層 C室,N/A,05/02/2025,3房,"$38,000",749 呎,$51,N/A
港島東,太古西灣河,太古城 安盛台 順安閣 中層 E室,N/A,05/02/2025,2房,"$22,800",530 呎,$43,N/A
港島東,太古西灣河,華昇大廈 19樓 C室,N/A,05/02/2025,2房,$325 萬,285 呎,"$11,404",N/A
港島東,太古西灣河,嘉亨灣 3座 低層 C室,N/A,05/02/2025,3房,"$45,000",947 呎,$48,N/A
港島東,太古西灣河,太古城 金殿臺 元宮閣 26樓 G室,N/A,05/02/2025,2房,$873 萬,580 呎,"$15,052",N/A
港島東,太古西灣河,太古城 海景花園(東) 春櫻閣 3樓 E室,N/A,04/02/2025,-,"$1,150 萬",922 呎,"$12,473",N/A
港島東,太古西灣河,太安樓 18樓 18室,N/A,04/02/2025,-,$276 萬,352 呎,"$7,835",N/A
港島東,太古西灣河,嘉亨灣 3座 45樓 A室,N/A,03/02/2025,3房,"$3,110 萬","1,129 呎","$27,547",露台 | | 工作平台
港島東,太古西灣河,太古城 高山台 天山閣 低層 E室,N/A,03/02/2025,2房,"$23,500",582 呎,$40,N/A
港島東,太古西灣河,太古城 海天花園 海天閣 10樓 D室,N/A,03/02/2025,3房,"$1,238 萬",759 呎,"$16,311",N/A
港島東,太古西灣河,鯉景灣 D段 安澤閣 10樓 A室,N/A,03/02/2025,3房,$775 萬,648 呎,"$11,960",N/A
港島東,太古西灣河,太古城 高山台 鳳山閣 中層 A室,N/A,02/02/2025,2房,"$21,000",530 呎,$40,N/A
港島東,太古西灣河,嘉亨灣 5座 中層 G室,N/A,31/01/2025,2房,"$23,800",498 呎,$48,N/A
港島東,太古西灣河,太古城 安盛台 寶安閣 3樓 G室,N/A,27/01/2025,2房,$720 萬,583 呎,"$12,350",平台
港島東,太古西灣河,太古城 安盛台 順安閣 中層 H室,N/A,27/01/2025,3房,"$24,000",703 呎,$34,N/A
港島東,太古西灣河,柏匯 11樓 A室,N/A,27/01/2025,1房,$538 萬,328 呎,"$16,402",露台
港島東,太古西灣河,太古城 海景花園(東) 美菊閣 24樓 C室,N/A,27/01/2025,3房,"$1,358 萬",897 呎,"$15,139",N/A
港島東,太古西灣河,形薈 2座 中層 C室,N/A,27/01/2025,2房,"$28,300",565 呎,$50,露台 | | 工作平台
港島東,太古西灣河,太安樓 6樓 24室,N/A,27/01/2025,-,$280 萬,352 呎,"$7,955",N/A
港島東,太古西灣河,太古城 星輝台 衛星閣 低層 E室,N/A,26/01/2025,2房,"$21,000",502 呎,$42,N/A
港島東,太古西灣河,逸濤灣 一 ( 春瑤軒 ) 中層 A室,N/A,25/01/2025,2房,"$25,000",569 呎,$44,N/A
港島東,太古西灣河,形薈 1A座 低層 D室,N/A,25/01/2025,開放式,"$14,500",330 呎,$44,露台 | | 工作平台
港島東,太古西灣河,鯉景灣 A段 觀峰閣 中層 E室,N/A,25/01/2025,2房,"$24,000",536 呎,$45,N/A
港島東,太古西灣河,嘉亨灣 2座 中層 D室,N/A,25/01/2025,3房,"$27,000",496 呎,$54,N/A
港島東,太古西灣河,太古城 金殿臺 唐宮閣 低層 B室,N/A,25/01/2025,2房,"$23,000",583 呎,$39,N/A
港島東,太古西灣河,形薈 1A座 高層 B室,N/A,24/01/2025,2房,"$25,000",469 呎,$53,露台
港島東,太古西灣河,逸瑆 8樓 E室,N/A,24/01/2025,開放式,$560 萬,285 呎,"$19,649",露台
港島東,太古西灣河,太古城 海景花園(西) 金楓閣 10樓 C室,N/A,24/01/2025,3房,"$1,248 萬",897 呎,"$13,913",露台
港島東,太古西灣河,太古城 金殿臺 燕宮閣 27樓 B室,N/A,23/01/2025,3房,"$1,222 萬",785 呎,"$15,567",N/A
港島東,太古西灣河,藍灣半島 9座 低層 H室,N/A,23/01/2025,3房,"$23,000",591 呎,$39,N/A
港島東,太古西灣河,鯉景灣 C段 怡海閣 18樓 A室,N/A,23/01/2025,3房,$960 萬,814 呎,"$11,794",N/A
港島東,太古西灣河,藍灣半島 7座 31樓 G室,N/A,23/01/2025,2房,$650 萬,455 呎,"$14,286",N/A
港島東,太古西灣河,太古城 星輝台 海星閣 25樓 F室,N/A,22/01/2025,2房,$830 萬,580 呎,"$14,310",N/A
港島東,太古西灣河,太古城 海天花園 富天閣 高層 H室,N/A,22/01/2025,3房,"$33,800",760 呎,$44,N/A
港島東,太古西灣河,太古城 海景花園(西) 綠楊閣 中層 B室,N/A,22/01/2025,3房,"$46,000","1,015 呎",$45,N/A
港島東,太古西灣河,太古城 星輝台 天星閣 20樓 G室,N/A,22/01/2025,3房,"$1,060 萬",707 呎,"$14,993",N/A
港島東,太古西灣河,麗灣大廈 5樓 E室,N/A,22/01/2025,-,$328 萬,440 呎,"$7,455",N/A
港島東,太古西灣河,太古城 觀海台 南海閣 高層 C室,N/A,21/01/2025,2房,"$25,000",587 呎,$43,N/A
港島東,太古西灣河,太古城 翠湖台 鄱陽閣 高層 C室,N/A,21/01/2025,2房,"$19,000",489 呎,$39,N/A
港島東,太古西灣河,東盛苑 5樓 6室,N/A,21/01/2025,3房,$428 萬,559 呎,"$7,657",露台
港島東,太古西灣河,太古城 安盛台 寧安閣 30樓 H室,N/A,21/01/2025,2房,$888 萬,580 呎,"$15,310",天台
港島東,太古西灣河,太古城 高山台 廬山閣 7樓 G室,N/A,21/01/2025,2房,$836 萬,589 呎,"$14,194",N/A
港島東,太古西灣河,嘉亨灣 6座 低層 D室,N/A,20/01/2025,3房,"$22,000",742 呎,$30,N/A
港島東,太古西灣河,太古城 海天花園 恆天閣 中層 E室,N/A,20/01/2025,2房,"$24,500",584 呎,$42,N/A
港島東,太古西灣河,太古城 金殿臺 燕宮閣 低層 A室,N/A,20/01/2025,3房,"$30,000",747 呎,$40,N/A
港島東,太古西灣河,藍灣半島 5座 低層 A室,N/A,20/01/2025,3房,"$36,500",729 呎,$50,N/A
港島東,太古西灣河,太古城 海景花園(西) 銀柏閣 低層 B室,N/A,19/01/2025,3房,"$44,000","1,015 呎",$43,N/A
港島東,太古西灣河,鯉景灣 A段 觀景閣 中層 E室,N/A,19/01/2025,2房,"$21,000",536 呎,$39,N/A
港島東,太古西灣河,太古城 高山台 廬山閣 低層 A室,N/A,19/01/2025,2房,"$21,000",475 呎,$44,N/A
港島東,太古西灣河,東欣苑 A座 25樓 8室,N/A,17/01/2025,開放式,$340 萬,429 呎,"$7,925",N/A
港島東,太古西灣河,太古城 金殿臺 元宮閣 16樓 C室,N/A,17/01/2025,3房,$988 萬,723 呎,"$13,665",N/A
港島東,太古西灣河,太古城 海天花園 恆天閣 25樓 D室,N/A,17/01/2025,2房,$904 萬,588 呎,"$15,366",N/A
港島東,太古西灣河,藍灣半島 7座 51樓 A室,N/A,16/01/2025,3房,"$1,208 萬",834 呎,"$14,484",N/A
港島東,太古西灣河,逸濤灣 夏池軒 低層 C室,N/A,16/01/2025,3房,"$34,000",737 呎,$46,N/A
港島東,太古西灣河,太祥樓 4樓 A室,N/A,15/01/2025,-,$309 萬,434 呎,"$7,120",平台
港島東,太古西灣河,形薈 1A座 高層 C室,N/A,15/01/2025,2房,"$24,000",457 呎,$53,露台
港島東,太古西灣河,欣景花園 4座 16樓 G室,N/A,14/01/2025,3房,$746 萬,688 呎,"$10,843",N/A
港島東,太古西灣河,形薈 2座 26樓 D室,N/A,14/01/2025,開放式,$450 萬,318 呎,"$14,151",露台 | | 工作平台
港島東,太古西灣河,形薈 2座 26樓 J室,N/A,14/01/2025,2房,$750 萬,429 呎,"$17,483",露台
港島東,太古西灣河,太古城 金殿臺 唐宮閣 1樓 G室,N/A,14/01/2025,2房,$670 萬,583 呎,"$11,492",平台
港島東,太古西灣河,逸濤灣 春瑤軒 13樓 D室,N/A,14/01/2025,3房,"$1,500 萬",862 呎,"$17,401",N/A
港島東,太古西灣河,嘉亨灣 6座 56樓 A室,N/A,14/01/2025,3房,"$1,338 萬",675 呎,"$19,822",露台 | | 工作平台
港島東,太古西灣河,嘉亨灣 1座 31樓 A室,N/A,14/01/2025,3房,"$1,333 萬",658 呎,"$20,255",露台 | | 工作平台
港島東,太古西灣河,柏匯 高層 A室,N/A,14/01/2025,1房,"$18,200",328 呎,$55,露台
港島東,太古西灣河,逸濤灣 春瑤軒 19樓 C室,N/A,13/01/2025,3房,"$1,438 萬",738 呎,"$19,485",N/A
港島東,太古西灣河,柏匯 中層 K室,N/A,13/01/2025,開放式,"$14,300",209 呎,$68,露台
港島東,太古西灣河,逸濤灣 一 ( 春瑤軒 ) 低層 A室,N/A,13/01/2025,2房,"$24,000",563 呎,$43,N/A
港島東,太古西灣河,太古城 海天花園 冠天閣 中層 A室,N/A,13/01/2025,2房,"$25,500",593 呎,$43,N/A
港島東,太古西灣河,太古城 高山台 泰山閣 11樓 H室,N/A,13/01/2025,2房,$760 萬,596 呎,"$12,752",N/A
港島東,太古西灣河,Island Residence 中層 G室,N/A,13/01/2025,2房,"$26,000",543 呎,$48,露台 | | 工作平台
港島東,太古西灣河,太古城 海景花園(西) 銀柏閣 16樓 F室,N/A,13/01/2025,3房,"$1,352 萬",897 呎,"$15,072",N/A
港島東,太古西灣河,太古城 海天花園 南天閣 13樓 C室,N/A,13/01/2025,3房,"$1,050 萬",680 呎,"$15,441",N/A
港島東,太古西灣河,太古城 金殿臺 明宮閣 高層 B室,N/A,11/01/2025,2房,"$25,000",582 呎,$43,N/A
港島東,太古西灣河,太古城 海景花園(東) 碧藤閣 高層 H室,N/A,11/01/2025,3房,"$45,000","1,114 呎",$40,N/A
港島東,太古西灣河,藍灣半島 8座 17樓 F室,N/A,10/01/2025,2房,$660 萬,465 呎,"$14,194",N/A
港島東,太古西灣河,太古城 金殿臺 隋宮閣 高層 F室,N/A,10/01/2025,3房,"$26,800",716 呎,$37,N/A
港島東,太古西灣河,太古城 安盛台 寶安閣 29樓 F室,N/A,10/01/2025,2房,$828 萬,583 呎,"$14,202",N/A
港島東,太古西灣河,東熹苑 景熹閣 (A座) 10樓 6室,N/A,10/01/2025,開放式,$325 萬,438 呎,"$7,420",N/A
港島東,太古西灣河,利基大廈 4樓 8室,N/A,10/01/2025,3房,$400 萬,421 呎,"$9,501",N/A
港島東,太古西灣河,嘉亨灣 2座 中層 H室,N/A,09/01/2025,2房,"$26,000",490 呎,$53,N/A
港島東,太古西灣河,太古城 高山台 龍山閣 27樓 C室,N/A,08/01/2025,2房,$860 萬,582 呎,"$14,777",天台
港島東,太古西灣河,太古城 海天花園 恆天閣 低層 A室,N/A,08/01/2025,2房,"$23,500",584 呎,$40,N/A
港島東,太古西灣河,太古城 海天花園 逸天閣 16樓 H室,N/A,08/01/2025,2房,$900 萬,591 呎,"$15,228",N/A
港島東,太古西灣河,太古城 海天花園 南天閣 14樓 D室,N/A,08/01/2025,3房,"$1,100 萬",715 呎,"$15,385",N/A
港島東,太古西灣河,匯豪峰 中層 F室,N/A,08/01/2025,-,"$20,500",451 呎,$45,露台
港島東,太古西灣河,太古城 安盛台 順安閣 17樓 A室,N/A,08/01/2025,3房,$830 萬,703 呎,"$11,807",N/A
港島東,太古西灣河,太古城 星輝台 海星閣 低層 H室,N/A,08/01/2025,2房,"$22,800",603 呎,$38,N/A
港島東,太古西灣河,太古城 海景花園(西) 金楓閣 11樓 H室,N/A,08/01/2025,3房,"$1,939 萬","1,114 呎","$17,406",露台
港島東,太古西灣河,太古城 安盛台 寧安閣 10樓 B室,N/A,07/01/2025,3房,"$1,000 萬",703 呎,"$14,225",N/A
港島東,太古西灣河,太古城 海景花園(東) 海棠閣 28樓 D室,N/A,07/01/2025,3房,"$1,970 萬","1,074 呎","$18,343",N/A
港島東,太古西灣河,都寧大廈 9樓 C室,N/A,07/01/2025,-,$210 萬,276 呎,"$7,609",N/A
港島東,太古西灣河,太古城 高山台 廬山閣 10樓 G室,N/A,07/01/2025,2房,$788 萬,589 呎,"$13,379",N/A
港島東,太古西灣河,太古城 星輝台 恆星閣 16樓 H室,N/A,07/01/2025,3房,"$1,000 萬",748 呎,"$13,369",N/A
港島東,太古西灣河,東熹苑 景熹閣 (A座) 15樓 1室,N/A,07/01/2025,2房,$485 萬,649 呎,"$7,473",N/A
港島東,太古西灣河,港島．東18 低層 C室,N/A,07/01/2025,3房,"$23,000",531 呎,$43,露台 | | 工作平台
港島東,太古西灣河,太古城 安盛台 高安閣 中層 D室,N/A,06/01/2025,2房,"$25,300",580 呎,$44,N/A
港島東,太古西灣河,太古城 高山台 鳳山閣 高層 F室,N/A,06/01/2025,2房,"$23,000",582 呎,$40,天台
港島東,太古西灣河,太安樓 14樓 50室,N/A,06/01/2025,-,$285 萬,352 呎,"$8,097",N/A
港島東,太古西灣河,太古城 安盛台 興安閣 20樓 A室,N/A,06/01/2025,2房,$838 萬,583 呎,"$14,374",N/A
港島東,太古西灣河,太古城 觀海台 北海閣 高層 D室,N/A,05/01/2025,3房,"$29,000",708 呎,$41,N/A
港島東,太古西灣河,太古城 海天花園 彩天閣 低層 G室,N/A,05/01/2025,3房,"$32,000",717 呎,$45,N/A
港島東,太古西灣河,嘉亨灣 6座 高層 E室,N/A,04/01/2025,2房,"$23,000",527 呎,$44,N/A
港島東,太古西灣河,形薈 1A座 中層 D室,N/A,04/01/2025,開放式,"$15,000",330 呎,$45,露台 | | 工作平台
港島東,太古西灣河,藍灣半島 3座 53樓 E室,N/A,03/01/2025,2房,$638 萬,436 呎,"$14,633",N/A
港島東,太古西灣河,太古城 星輝台 恆星閣 11樓 E室,N/A,03/01/2025,3房,"$1,200 萬",748 呎,"$16,043",N/A
港島東,太古西灣河,太古城 金殿臺 燕宮閣 中層 C室,N/A,03/01/2025,3房,"$33,000",785 呎,$42,N/A
港島東,太古西灣河,興祥大廈 14樓 M室,N/A,03/01/2025,2房,$255 萬,287 呎,"$8,885",N/A
港島東,太古西灣河,東熹苑 耀熹閣 (D座) 15樓 7室,N/A,03/01/2025,開放式,$374 萬,438 呎,"$8,534",N/A
港島東,太古西灣河,藍灣半島 6座 28樓 C室,N/A,02/01/2025,3房,"$1,420 萬",848 呎,"$16,745",N/A
港島東,太古西灣河,太古城 安盛台 寶安閣 12樓 E室,N/A,02/01/2025,2房,$778 萬,602 呎,"$12,924",N/A
港島東,太古西灣河,嘉亨灣 6座 9樓 C室,N/A,02/01/2025,3房,"$1,080 萬",749 呎,"$14,419",露台 | | 工作平台
港島東,太古西灣河,太古城 觀海台 北海閣 21樓 F室,N/A,02/01/2025,2房,$880 萬,572 呎,"$15,385",N/A
港島東,太古西灣河,太古城 翠湖台 鄱陽閣 10樓 E室,N/A,02/01/2025,2房,$650 萬,583 呎,"$11,149",N/A
港島東,太古西灣河,藍灣半島 2座 高層 C室,N/A,01/01/2025,3房,"$31,800",733 呎,$43,N/A
港島東,太古西灣河,藍灣半島 9座 低層 D室,N/A,01/01/2025,3房,"$22,736",734 呎,$31,N/A
港島東,太古西灣河,太古城 海天花園 啟天閣 13樓 A室,N/A,31/12/2024,3房,"$1,165 萬",759 呎,"$15,349",N/A
港島東,太古西灣河,東欣苑 A座 29樓 10室,N/A,31/12/2024,開放式,$300 萬,211 呎,"$14,218",N/A
港島東,太古西灣河,恒昌閣 19樓 B室,N/A,31/12/2024,2房,$405 萬,333 呎,"$12,162",N/A
港島東,太古西灣河,太古城 海景花園(西) 紫樺閣 4樓 C室,N/A,31/12/2024,3房,"$1,080 萬",897 呎,"$12,040",N/A
港島東,太古西灣河,逸濤灣 夏池軒 25樓 B室,N/A,31/12/2024,2房,$972 萬,561 呎,"$17,326",N/A
港島東,太古西灣河,太康樓 G樓 G室,N/A,30/12/2024,-,$235 萬,267 呎,"$8,801",N/A
港島東,太古西灣河,海利大廈 5樓 B室,N/A,30/12/2024,-,$240 萬,194 呎,"$12,366",N/A
港島東,太古西灣河,太古城 高山台 寶山閣 中層 E室,N/A,27/12/2024,3房,"$29,200",689 呎,$42,N/A
港島東,太古西灣河,海澄大廈 20樓 2室,N/A,27/12/2024,-,$270 萬,316 呎,"$8,544",N/A
港島東,太古西灣河,藍灣半島 5座 中層 G室,N/A,26/12/2024,2房,"$21,000",457 呎,$46,N/A
港島東,太古西灣河,逸濤灣 一 ( 春瑤軒 ) 低層 B室,N/A,25/12/2024,2房,"$24,300",549 呎,$44,N/A
港島東,太古西灣河,永德大廈 高層 A室,N/A,25/12/2024,2房,"$14,300",328 呎,$44,N/A
港島東,太古西灣河,The Holborn B座 中層 B3室,N/A,25/12/2024,1房,"$16,800",255 呎,$66,露台
港島東,太古西灣河,太古城 金殿臺 隋宮閣 高層 A室,N/A,25/12/2024,3房,"$33,800",747 呎,$45,N/A
港島東,太古西灣河,藍灣半島 3座 高層 B室,N/A,25/12/2024,3房,"$31,000",752 呎,$41,N/A
港島東,太古西灣河,東熹苑 華熹閣 (C座) 4樓 14室,N/A,24/12/2024,開放式,$318 萬,438 呎,"$7,260",N/A
港島東,太古西灣河,太古城 星輝台 衛星閣 24樓 B室,N/A,24/12/2024,2房,$788 萬,582 呎,"$13,540",N/A
港島東,太古西灣河,太古城 安盛台 寧安閣 25樓 E室,N/A,24/12/2024,2房,$800 萬,580 呎,"$13,793",N/A
港島東,太古西灣河,逸濤灣 冬和軒 32樓 E室,N/A,24/12/2024,3房,"$1,370 萬",766 呎,"$17,885",N/A
港島東,太古西灣河,藍灣半島 8座 33樓 F室,N/A,23/12/2024,2房,$669 萬,465 呎,"$14,387",N/A
港島東,太古西灣河,太安樓 13樓 51室,N/A,23/12/2024,-,$280 萬,352 呎,"$7,955",N/A
港島東,太古西灣河,太古城 高山台 鳳山閣 低層 A室,N/A,23/12/2024,2房,"$21,500",530 呎,$41,N/A
港島東,太古西灣河,鯉景灣 C段 怡茵閣 高層 E室,N/A,22/12/2024,2房,"$23,500",539 呎,$44,N/A
港島東,太古西灣河,嘉亨灣 2座 中層 F室,N/A,22/12/2024,2房,"$25,000",498 呎,$50,N/A
港島東,太古西灣河,太古城 金殿臺 唐宮閣 高層 C室,N/A,21/12/2024,2房,"$23,800",583 呎,$41,N/A
港島東,太古西灣河,太古城 金殿臺 唐宮閣 9樓 B室,N/A,20/12/2024,2房,$785 萬,583 呎,"$13,465",N/A
港島東,太古西灣河,太古城 星輝台 海星閣 13樓 A室,N/A,20/12/2024,2房,$882 萬,603 呎,"$14,627",N/A
港島東,太古西灣河,太古城 海景花園(東) 春櫻閣 27樓 B室,N/A,20/12/2024,3房,"$1,716 萬","1,015 呎","$16,906",N/A
港島東,太古西灣河,太古城 海天花園 恆天閣 24樓 D室,N/A,19/12/2024,2房,$858 萬,584 呎,"$14,692",N/A
港島東,太古西灣河,嘉亨灣 6座 13樓 B室,N/A,19/12/2024,3房,"$1,500 萬",749 呎,"$20,027",露台 | | 工作平台
港島東,太古西灣河,太安樓 8樓 46室,N/A,19/12/2024,-,$275 萬,352 呎,"$7,813",N/A
港島東,太古西灣河,The Holborn B座 7樓 B8室,N/A,19/12/2024,開放式,$450 萬,224 呎,"$20,089",露台
港島東,太古西灣河,藍灣半島 6座 35樓 B室,N/A,19/12/2024,3房,"$1,152 萬",811 呎,"$14,205",N/A
港島東,太古西灣河,太古城 海天花園 景天閣 13樓 C室,N/A,18/12/2024,3房,"$1,050 萬",707 呎,"$14,851",N/A
港島東,太古西灣河,嘉亨灣 2座 中層 H室,N/A,17/12/2024,2房,"$22,500",490 呎,$46,N/A
港島東,太古西灣河,太古城 海天花園 南天閣 中層 F室,N/A,16/12/2024,3房,"$26,000",646 呎,$40,N/A
港島東,太古西灣河,藍灣半島 3座 39樓 B室,N/A,16/12/2024,3房,"$1,052 萬",733 呎,"$14,352",N/A
港島東,太古西灣河,太古城 金殿臺 隋宮閣 5樓 E室,N/A,16/12/2024,3房,$985 萬,747 呎,"$13,186",N/A
港島東,太古西灣河,太古城 海天花園 景天閣 21樓 F室,N/A,16/12/2024,2房,$950 萬,589 呎,"$16,129",N/A
港島東,太古西灣河,藍灣半島 1座 31樓 G室,N/A,16/12/2024,2房,$678 萬,455 呎,"$14,901",N/A
港島東,太古西灣河,太古城 金殿臺 唐宮閣 23樓 G室,N/A,16/12/2024,2房,$800 萬,583 呎,"$13,722",N/A
港島東,太古西灣河,華昇大廈 5樓 C室,N/A,16/12/2024,2房,$324 萬,285 呎,"$11,368",N/A
港島東,太古西灣河,長興大樓 15樓 B室,N/A,16/12/2024,-,$320 萬,344 呎,"$9,302",N/A
港島東,太古西灣河,嘉亨灣 5座 59樓 G室,N/A,16/12/2024,2房,$868 萬,498 呎,"$17,430",露台 | | 工作平台
港島東,太古西灣河,太古城 高山台 恆山閣 低層 A室,N/A,15/12/2024,2房,"$23,000",593 呎,$39,N/A
港島東,太古西灣河,藍灣半島 8座 低層 D室,N/A,14/12/2024,3房,"$34,500",825 呎,$42,N/A
港島東,太古西灣河,形薈 1A座 低層 C室,N/A,14/12/2024,2房,"$21,000",459 呎,$46,露台
港島東,太古西灣河,西灣大廈 3樓 A室,N/A,13/12/2024,-,$218 萬,268 呎,"$8,134",N/A
港島東,太古西灣河,嘉亨灣 2座 低層 H室,N/A,13/12/2024,2房,"$20,500",490 呎,$42,N/A
港島東,太古西灣河,逸濤灣 冬和軒 高層 B室,N/A,13/12/2024,2房,"$27,800",572 呎,$49,N/A
港島東,太古西灣河,太古城 星輝台 恆星閣 高層 B室,N/A,13/12/2024,3房,"$36,300",809 呎,$45,N/A
港島東,太古西灣河,太古城 星輝台 耀星閣 7樓 B室,N/A,13/12/2024,3房,$900 萬,664 呎,"$13,554",N/A
港島東,太古西灣河,太古城 高山台 恆山閣 中層 C室,N/A,12/12/2024,3房,"$26,600",684 呎,$39,N/A
港島東,太古西灣河,東欣苑 A座 18樓 19室,N/A,12/12/2024,開放式,$335 萬,424 呎,"$7,901",N/A
港島東,太古西灣河,藍灣半島 3座 62樓 C室,N/A,12/12/2024,-,"$1,150 萬",637 呎,"$18,053",N/A
港島東,太古西灣河,藍灣半島 7座 低層 E室,N/A,12/12/2024,3房,"$20,000",566 呎,$35,N/A
港島東,太古西灣河,太安樓 11樓 42室,N/A,11/12/2024,-,$300 萬,352 呎,"$8,523",N/A
港島東,太古西灣河,匯豪峰 中層 A室,N/A,11/12/2024,-,"$17,500",365 呎,$48,露台
港島東,太古西灣河,太安樓 11樓 48室,N/A,11/12/2024,-,$288 萬,352 呎,"$8,182",N/A
港島東,太古西灣河,嘉亨灣 2座 低層 F室,N/A,10/12/2024,2房,"$24,000",498 呎,$48,N/A
港島東,太古西灣河,嘉亨灣 6座 高層 G室,N/A,10/12/2024,2房,"$24,000",508 呎,$47,N/A
港島東,太古西灣河,逸瑆 12樓 D室,N/A,10/12/2024,開放式,$398 萬,285 呎,"$13,965",露台
港島東,太古西灣河,譽．東 20樓 C室,N/A,10/12/2024,-,$653 萬,329 呎,"$19,848",工作平台
港島東,太古西灣河,The Holborn A座 中層 A7室,N/A,10/12/2024,開放式,"$16,500",228 呎,$72,露台
港島東,太古西灣河,鯉景灣 C段 怡茵閣 15樓 G室,N/A,09/12/2024,3房,$920 萬,666 呎,"$13,814",N/A
港島東,太古西灣河,樂融軒 16樓 G室,N/A,09/12/2024,2房,$690 萬,508 呎,"$13,583",露台
港島東,太古西灣河,柏匯 16樓 B室,N/A,09/12/2024,開放式,$328 萬,210 呎,"$15,619",露台
港島東,太古西灣河,君悅軒 高層 A室,N/A,08/12/2024,-,"$26,000",651 呎,$40,N/A
港島東,太古西灣河,嘉亨灣 5座 中層 A室,N/A,08/12/2024,3房,"$33,000",685 呎,$48,車位
港島東,太古西灣河,嘉亨灣 1座 高層 E室,N/A,08/12/2024,2房,"$24,000",493 呎,$49,N/A
港島東,太古西灣河,嘉亨灣 5座 中層 H室,N/A,08/12/2024,1房,"$16,000",314 呎,$51,N/A
港島東,太古西灣河,太古城 觀海台 南海閣 低層 H室,N/A,07/12/2024,2房,"$22,000",552 呎,$40,N/A
港島東,太古西灣河,太古城 高山台 泰山閣 25樓 A室,N/A,06/12/2024,3房,$880 萬,706 呎,"$12,465",N/A
港島東,太古西灣河,Island Residence 高層 F室,N/A,06/12/2024,1房,"$20,500",393 呎,$52,露台
港島東,太古西灣河,太古城 高山台 華山閣 16樓 E室,N/A,06/12/2024,2房,$778 萬,593 呎,"$13,120",N/A
港島東,太古西灣河,延齡大廈 2樓 C室,N/A,06/12/2024,-,$345 萬,367 呎,"$9,401",N/A
港島東,太古西灣河,逸濤灣 春瑤軒 49樓 C室,N/A,06/12/2024,3房,"$1,610 萬",745 呎,"$21,611",N/A
港島東,太古西灣河,興民大廈 22樓 A室,N/A,06/12/2024,2房,$500 萬,411 呎,"$12,165",N/A
港島東,太古西灣河,太古城 海天花園 恆天閣 26樓 H室,N/A,05/12/2024,2房,$765 萬,515 呎,"$14,854",N/A
港島東,太古西灣河,藍灣半島 8座 45樓 C室,N/A,05/12/2024,3房,"$1,190 萬",811 呎,"$14,673",N/A
港島東,太古西灣河,延齡大廈 2樓 D室,N/A,05/12/2024,-,$294 萬,367 呎,"$8,011",N/A
港島東,太古西灣河,太古城 安盛台 興安閣 13樓 C室,N/A,05/12/2024,2房,$808 萬,606 呎,"$13,333",N/A
港島東,太古西灣河,太古城 觀海台 東海閣 20樓 B室,N/A,04/12/2024,3房,"$1,132 萬",723 呎,"$15,657",N/A
港島東,太古西灣河,太古城 高山台 廬山閣 26樓 A室,N/A,04/12/2024,2房,$725 萬,518 呎,"$13,996",N/A
港島東,太古西灣河,藍灣半島 3座 低層 B室,N/A,03/12/2024,3房,"$30,000",733 呎,$41,N/A
港島東,太古西灣河,嘉亨灣 6座 中層 C室,N/A,03/12/2024,3房,"$37,300",749 呎,$50,N/A
港島東,太古西灣河,太古城 高山台 泰山閣 14樓 H室,N/A,03/12/2024,2房,$795 萬,596 呎,"$13,339",N/A
港島東,太古西灣河,太古城 海景花園(西) 翠榕閣 中層 D室,N/A,03/12/2024,3房,"$35,000",922 呎,$38,N/A
港島東,太古西灣河,太古城 海景花園(西) 銀柏閣 20樓 B室,N/A,03/12/2024,3房,"$1,680 萬","1,015 呎","$16,552",N/A
港島東,太古西灣河,太古城 海景花園(西) 紫樺閣 13樓 D室,N/A,03/12/2024,3房,"$1,358 萬",922 呎,"$14,729",N/A
港島東,太古西灣河,太古城 高山台 恆山閣 5樓 H室,N/A,03/12/2024,2房,$735 萬,593 呎,"$12,395",N/A
港島東,太古西灣河,鯉景灣 C段 怡坤閣 4樓 F室,N/A,02/12/2024,2房,$638 萬,498 呎,"$12,811",N/A
港島東,太古西灣河,形薈 1B座 中層 D室,N/A,02/12/2024,2房,"$23,000",494 呎,$47,露台
港島東,太古西灣河,太古城 高山台 恆山閣 20樓 F室,N/A,02/12/2024,2房,$735 萬,581 呎,"$12,651",N/A
港島東,太古西灣河,星灣峰 10樓 D室,N/A,02/12/2024,-,$610 萬,426 呎,"$14,319",露台
港島東,太古西灣河,太古城 安盛台 寶安閣 低層 B室,N/A,01/12/2024,3房,"$28,000",714 呎,$39,N/A
港島東,太古西灣河,太古城 海天花園 逸天閣 低層 D室,N/A,01/12/2024,3房,"$30,000",714 呎,$42,N/A
港島東,太古西灣河,嘉亨灣 1座 低層 F室,N/A,01/12/2024,2房,"$24,500",499 呎,$49,N/A
港島東,太古西灣河,匯豪峰 低層 B室,N/A,01/12/2024,-,"$31,000",684 呎,$45,露台
港島東,太古西灣河,太古城 海天花園 啟天閣 低層 B室,N/A,01/12/2024,3房,"$35,000",797 呎,$44,N/A
港島東,太古西灣河,嘉亨灣 6座 高層 H室,N/A,30/11/2024,2房,"$23,000",492 呎,$47,N/A
港島東,太古西灣河,逸濤灣 三 ( 秋盈軒 ) 高層 B室,N/A,30/11/2024,2房,"$25,000",554 呎,$45,N/A
港島東,太古西灣河,太古城 金殿臺 明宮閣 9樓 B室,N/A,29/11/2024,2房,$828 萬,582 呎,"$14,227",N/A
港島東,太古西灣河,太古城 星輝台 海星閣 14樓 H室,N/A,28/11/2024,2房,$853 萬,603 呎,"$14,146",N/A
港島東,太古西灣河,形薈 2座 7樓 E室,N/A,28/11/2024,2房,$755 萬,484 呎,"$15,599",露台 | | 工作平台
港島東,太古西灣河,太古城 高山台 泰山閣 高層 H室,N/A,28/11/2024,2房,"$24,000",596 呎,$40,N/A
港島東,太古西灣河,太古城 星輝台 金星閣 低層 D室,N/A,28/11/2024,2房,"$26,000",582 呎,$45,N/A
港島東,太古西灣河,太古城 海天花園 富天閣 14樓 B室,N/A,27/11/2024,3房,"$1,090 萬",717 呎,"$15,202",N/A
港島東,太古西灣河,The Holborn A座 27樓 A2室,N/A,27/11/2024,1房,$590 萬,253 呎,"$23,320",露台
港島東,太古西灣河,太古城 星輝台 金星閣 14樓 H室,N/A,27/11/2024,2房,$774 萬,582 呎,"$13,290",N/A
港島東,太古西灣河,鯉景灣 B段 逸華閣 18樓 B室,N/A,27/11/2024,2房,$615 萬,551 呎,"$11,162",N/A
港島東,太古西灣河,東熹苑 逸熹閣 (B座) 8樓 16室,N/A,27/11/2024,1房,$438 萬,546 呎,"$8,022",N/A
港島東,太古西灣河,The Holborn A座 低層 A5室,N/A,27/11/2024,1房,"$16,500",255 呎,$65,露台
港島東,太古西灣河,太安樓 5樓 55室,N/A,27/11/2024,-,$283 萬,352 呎,"$8,040",N/A
港島東,太古西灣河,太古城 海景花園(西) 翠榕閣 10樓 G室,N/A,26/11/2024,3房,"$1,722 萬","1,015 呎","$16,966",N/A
港島東,太古西灣河,東熹苑 景熹閣 (A座) 38樓 12室,N/A,26/11/2024,1房,$438 萬,538 呎,"$8,141",N/A
港島東,太古西灣河,太古城 觀海台 東海閣 4樓 D室,N/A,26/11/2024,3房,$905 萬,708 呎,"$12,782",N/A
港島東,太古西灣河,鯉景灣 A段 觀景閣 8樓 E室,N/A,26/11/2024,2房,$673 萬,536 呎,"$12,556",N/A
港島東,太古西灣河,鯉景灣 B段 逸榮閣 12樓 C室,N/A,25/11/2024,2房,$635 萬,489 呎,"$12,986",N/A
港島東,太古西灣河,逸濤灣 冬和軒 高層 A室,N/A,25/11/2024,2房,"$32,750",574 呎,$57,N/A
港島東,太古西灣河,嘉亨灣 5座 低層 C室,N/A,25/11/2024,3房,"$36,800",749 呎,$49,N/A
港島東,太古西灣河,太古城 高山台 寶山閣 20樓 B室,N/A,25/11/2024,2房,$380 萬,582 呎,"$6,529",N/A
港島東,太古西灣河,鯉景灣 B段 逸榮閣 高層 D室,N/A,24/11/2024,2房,"$22,000",536 呎,$41,N/A
港島東,太古西灣河,嘉亨灣 2座 高層 G室,N/A,24/11/2024,2房,"$23,000",498 呎,$46,N/A
港島東,太古西灣河,太古城 星輝台 恆星閣 低層 G室,N/A,24/11/2024,3房,"$29,500",718 呎,$41,N/A
港島東,太古西灣河,鯉景灣 C段 怡茵閣 低層 E室,N/A,24/11/2024,2房,"$20,000",539 呎,$37,N/A
港島東,太古西灣河,形薈 2座 中層 A室,N/A,23/11/2024,2房,"$25,800",539 呎,$48,露台 | | 工作平台
港島東,太古西灣河,恒昌閣 中層 B室,N/A,23/11/2024,2房,"$14,500",333 呎,$44,N/A
港島東,太古西灣河,筲箕灣道170號 4樓 B室,N/A,22/11/2024,-,$380 萬,615 呎,"$6,179",N/A
港島東,太古西灣河,嘉亨灣 6座 68樓 F室,N/A,22/11/2024,2房,$968 萬,503 呎,"$19,245",露台 | | 工作平台
港島東,太古西灣河,海澄大廈 23樓 6室,N/A,22/11/2024,-,$298 萬,336 呎,"$8,869",N/A
港島東,太古西灣河,鯉景灣 D段 安澤閣 16樓 C室,N/A,22/11/2024,3房,$750 萬,601 呎,"$12,479",N/A
港島東,太古西灣河,太古城 金殿臺 齊宮閣 15樓 B室,N/A,21/11/2024,3房,"$1,030 萬",702 呎,"$14,672",N/A
港島東,太古西灣河,太古城 海景花園(西) 翠榕閣 13樓 F室,N/A,21/11/2024,3房,"$1,260 萬",897 呎,"$14,047",N/A
港島東,太古西灣河,太安樓 8樓 39室,N/A,21/11/2024,-,$315 萬,352 呎,"$8,949",N/A
港島東,太古西灣河,嘉亨灣 2座 26樓 H室,N/A,21/11/2024,2房,$792 萬,490 呎,"$16,163",露台 | | 工作平台
港島東,太古西灣河,東欣苑 A座 15樓 16室,N/A,21/11/2024,1房,$460 萬,539 呎,"$8,534",N/A
港島東,太古西灣河,太古城 高山台 龍山閣 低層 A室,N/A,21/11/2024,2房,"$17,000",485 呎,$35,N/A
港島東,太古西灣河,太古城 海景花園(西) 紫樺閣 低層 E室,N/A,21/11/2024,3房,"$39,500",922 呎,$43,N/A
港島東,太古西灣河,鯉景灣 B段 逸星閣 2樓 B室,N/A,21/11/2024,3房,$828 萬,679 呎,"$12,194",花園 | | 平台
港島東,太古西灣河,太古城 金殿臺 元宮閣 高層 F室,N/A,20/11/2024,2房,"$25,800",580 呎,$44,N/A
港島東,太古西灣河,鯉景灣 C段 怡昌閣 4樓 C室,N/A,20/11/2024,2房,$590 萬,498 呎,"$11,847",N/A
港島東,太古西灣河,太安樓 19樓 25室,N/A,20/11/2024,-,$310 萬,352 呎,"$8,807",N/A
港島東,太古西灣河,太安樓 6樓 30室,N/A,20/11/2024,-,$276 萬,352 呎,"$7,841",N/A
港島東,太古西灣河,嘉亨灣 6座 低層 A室,N/A,20/11/2024,3房,"$33,000",675 呎,$49,N/A
港島東,太古西灣河,太古城 高山台 鳳山閣 16樓 G室,N/A,19/11/2024,2房,$798 萬,582 呎,"$13,711",N/A
港島東,太古西灣河,藍灣半島 9座 38樓 C室,N/A,19/11/2024,3房,"$1,000 萬",811 呎,"$12,330",N/A
港島東,太古西灣河,太古城 海天花園 啟天閣 中層 G室,N/A,19/11/2024,3房,"$31,000",680 呎,$46,N/A
港島東,太古西灣河,太古城 星輝台 衛星閣 22樓 F室,N/A,19/11/2024,3房,$938 萬,664 呎,"$14,127",N/A
港島東,太古西灣河,鯉景灣 A段 觀峰閣 10樓 E室,N/A,19/11/2024,2房,$716 萬,536 呎,"$13,358",N/A
港島東,太古西灣河,太古城 安盛台 寧安閣 16樓 D室,N/A,19/11/2024,2房,$783 萬,580 呎,"$13,500",N/A
港島東,太古西灣河,太古城 安盛台 寶安閣 3樓 E室,N/A,19/11/2024,2房,$650 萬,602 呎,"$10,797",N/A
港島東,太古西灣河,匯豪峰 高層 D室,N/A,18/11/2024,-,"$21,000",473 呎,$44,露台
港島東,太古西灣河,太安樓 14樓 31室,N/A,18/11/2024,-,$280 萬,274 呎,"$10,219",N/A
港島東,太古西灣河,太古城 高山台 鳳山閣 低層 A室,N/A,18/11/2024,2房,"$23,000",530 呎,$43,N/A
港島東,太古西灣河,譽．東 譽東 低層 A室,N/A,18/11/2024,-,"$22,500",490 呎,$46,露台 | | 工作平台
港島東,太古西灣河,太古城 高山台 天山閣 中層 B室,N/A,18/11/2024,3房,"$29,000",689 呎,$42,N/A
港島東,太古西灣河,太古城 海天花園 南天閣 12樓 C室,N/A,18/11/2024,3房,"$1,045 萬",680 呎,"$15,368",N/A
港島東,太古西灣河,太古城 星輝台 恆星閣 6樓 E室,N/A,18/11/2024,3房,"$1,033 萬",748 呎,"$13,810",N/A
港島東,太古西灣河,御景軒 中層 B室,N/A,17/11/2024,-,"$17,000",368 呎,$46,N/A
港島東,太古西灣河,太古城 星輝台 海星閣 高層 E室,N/A,16/11/2024,2房,"$22,500",503 呎,$45,N/A
港島東,太古西灣河,太古城 海景花園(東) 春櫻閣 高層 E室,N/A,15/11/2024,3房,"$37,000",922 呎,$40,N/A
港島東,太古西灣河,太古城 海景花園(東) 春櫻閣 低層 H室,N/A,15/11/2024,3房,"$39,000","1,114 呎",$35,N/A
港島東,太古西灣河,東欣苑 A座 4樓 13室,N/A,15/11/2024,1房,$428 萬,601 呎,"$7,121",N/A
港島東,太古西灣河,太古城 金殿臺 夏宮閣 21樓 E室,N/A,15/11/2024,3房,$930 萬,702 呎,"$13,248",N/A
港島東,太古西灣河,太古城 海景花園(西) 紫樺閣 11樓 E室,N/A,15/11/2024,3房,"$1,286 萬",922 呎,"$13,948",N/A
港島東,太古西灣河,太古城 星輝台 海星閣 低層 B室,N/A,15/11/2024,3房,"$26,800",662 呎,$40,N/A
港島東,太古西灣河,嘉亨灣 3座 33樓 B室,N/A,15/11/2024,3房,"$2,450 萬","1,129 呎","$21,701",露台 | | 工作平台
港島東,太古西灣河,太安樓 27樓 37室,N/A,15/11/2024,-,$250 萬,274 呎,"$9,124",N/A
港島東,太古西灣河,太古城 安盛台 順安閣 18樓 E室,N/A,15/11/2024,2房,$731 萬,530 呎,"$13,792",N/A
港島東,太古西灣河,太古城 金殿臺 齊宮閣 17樓 A室,N/A,15/11/2024,2房,$812 萬,580 呎,"$14,000",N/A
港島東,太古西灣河,樂融軒 33樓 C室,N/A,15/11/2024,2房,$845 萬,501 呎,"$16,866",露台
港島東,太古西灣河,The Holborn A座 32樓 SA1室,N/A,14/11/2024,3房,"$1,730 萬",574 呎,"$30,139",天台 | | 平台 | | 露台
港島東,太古西灣河,鯉景灣 B段 逸榮閣 3樓 F室,N/A,13/11/2024,2房,$610 萬,485 呎,"$12,577",N/A
港島東,太古西灣河,太古城 海天花園 恆天閣 12樓 G室,N/A,13/11/2024,2房,$918 萬,567 呎,"$16,190",N/A
港島東,太古西灣河,利基大廈 16樓 1室,N/A,13/11/2024,3房,$470 萬,421 呎,"$11,164",N/A
港島東,太古西灣河,嘉亨灣 2座 23樓 C室,N/A,13/11/2024,2房,$900 萬,467 呎,"$19,272",露台 | | 工作平台
港島東,太古西灣河,太古城 翠湖台 太湖閣 4樓 A室,N/A,13/11/2024,2房,$646 萬,583 呎,"$11,081",露台
港島東,太古西灣河,鯉景灣 D段 安屏閣 5樓 F室,N/A,13/11/2024,3房,$840 萬,629 呎,"$13,355",N/A
港島東,太古西灣河,藍灣半島 8座 20樓 D室,N/A,13/11/2024,3房,"$1,141 萬",825 呎,"$13,830",N/A
港島東,太古西灣河,嘉亨灣 1座 中層 H室,N/A,13/11/2024,2房,"$24,000",493 呎,$49,N/A
港島東,太古西灣河,太古城 星輝台 天星閣 27樓 C室,N/A,12/11/2024,3房,"$1,068 萬",707 呎,"$15,106",N/A
港島東,太古西灣河,嘉亨灣 2座 高層 F室,N/A,12/11/2024,2房,"$24,000",498 呎,$48,N/A
港島東,太古西灣河,藍灣半島 1座 20樓 B室,N/A,12/11/2024,3房,$870 萬,605 呎,"$14,380",N/A
港島東,太古西灣河,太古城 安盛台 高安閣 低層 A室,N/A,12/11/2024,2房,"$22,000",580 呎,$38,N/A
港島東,太古西灣河,藍灣半島 9座 56樓 D室,N/A,12/11/2024,3房,"$1,048 萬",734 呎,"$14,278",N/A
港島東,太古西灣河,鯉景灣 B段 逸康閣 低層 H室,N/A,12/11/2024,3房,"$30,000",799 呎,$38,N/A
港島東,太古西灣河,太古城 海天花園 海天閣 7樓 G室,N/A,11/11/2024,3房,"$1,050 萬",717 呎,"$14,644",N/A
港島東,太古西灣河,嘉亨灣 2座 高層 B室,N/A,11/11/2024,3房,"$33,800",673 呎,$50,N/A
港島東,太古西灣河,太古城 金殿臺 明宮閣 中層 B室,N/A,11/11/2024,2房,"$22,500",582 呎,$39,N/A
港島東,太古西灣河,太古城 金殿臺 夏宮閣 8樓 G室,N/A,11/11/2024,2房,$838 萬,580 呎,"$14,448",N/A
港島東,太古西灣河,富成樓 1樓 C室,N/A,11/11/2024,-,$250 萬,300 呎,"$8,333",平台
港島東,太古西灣河,欣景花園 4座 19樓 E室,N/A,11/11/2024,3房,$960 萬,767 呎,"$12,516",N/A
港島東,太古西灣河,鯉景灣 D段 安曉閣 14樓 F室,N/A,11/11/2024,3房,$780 萬,565 呎,"$13,805",N/A
港島東,太古西灣河,太古城 海景花園(東) 海棠閣 高層 G室,N/A,10/11/2024,3房,"$51,000","1,015 呎",$50,N/A
港島東,太古西灣河,太古城 金殿臺 明宮閣 中層 D室,N/A,10/11/2024,3房,"$29,500",702 呎,$42,N/A
港島東,太古西灣河,鯉景灣 A段 觀海閣 11樓 G室,N/A,08/11/2024,2房,$860 萬,583 呎,"$14,751",露台
港島東,太古西灣河,太古城 安盛台 建安閣 高層 F室,N/A,08/11/2024,2房,"$21,500",503 呎,$43,N/A
港島東,太古西灣河,樂融軒 29樓 G室,N/A,08/11/2024,2房,$728 萬,508 呎,"$14,331",露台
港島東,太古西灣河,太古城 翠湖台 太湖閣 低層 F室,N/A,08/11/2024,2房,"$19,500",545 呎,$36,N/A
港島東,太古西灣河,福怡大廈 7樓 C室,N/A,08/11/2024,2房,$399 萬,342 呎,"$11,661",N/A
港島東,太古西灣河,嘉亨灣 2座 低層 C室,N/A,08/11/2024,2房,"$23,000",467 呎,$49,N/A
港島東,太古西灣河,太古城 星輝台 耀星閣 高層 C室,N/A,08/11/2024,3房,"$27,000",664 呎,$41,N/A
港島東,太古西灣河,太古城 海天花園 富天閣 中層 D室,N/A,08/11/2024,3房,"$32,000",760 呎,$42,N/A
港島東,太古西灣河,雁亭 21樓 B室,N/A,07/11/2024,1房,$338 萬,267 呎,"$12,659",N/A
港島東,太古西灣河,東盛苑 8樓 1室,N/A,07/11/2024,3房,$465 萬,559 呎,"$8,318",露台
港島東,太古西灣河,太安樓 17樓 21室,N/A,07/11/2024,-,$313 萬,352 呎,"$8,892",N/A
港島東,太古西灣河,太富樓 7樓 P室,N/A,07/11/2024,-,$273 萬,311 呎,"$8,778",平台
港島東,太古西灣河,鯉景灣 B段 逸榮閣 17樓 C室,N/A,07/11/2024,2房,$674 萬,489 呎,"$13,773",N/A
港島東,太古西灣河,太安樓 7樓 49室,N/A,06/11/2024,-,$280 萬,352 呎,"$7,955",N/A
港島東,太古西灣河,太古城 高山台 富山閣 5樓 A室,N/A,06/11/2024,-,$828 萬,690 呎,"$12,000",N/A
港島東,太古西灣河,鯉景灣 C段 怡坤閣 8樓 A室,N/A,06/11/2024,3房,$974 萬,808 呎,"$12,052",露台
港島東,太古西灣河,華堂大廈 10樓 C室,N/A,06/11/2024,-,$300 萬,267 呎,"$11,236",N/A
港島東,太古西灣河,鯉景灣 B段 逸榮閣 18樓 B室,N/A,05/11/2024,3房,$762 萬,653 呎,"$11,669",N/A
港島東,太古西灣河,太富樓 1樓 O室,N/A,05/11/2024,-,$235 萬,312 呎,"$7,532",N/A
港島東,太古西灣河,鯉景灣 D段 安澤閣 16樓 B室,N/A,05/11/2024,3房,$777 萬,601 呎,"$12,925",N/A
港島東,太古西灣河,太古城 安盛台 寧安閣 16樓 H室,N/A,04/11/2024,2房,$785 萬,580 呎,"$13,534",N/A
港島東,太古西灣河,東欣苑 A座 22樓 1室,N/A,04/11/2024,開放式,$260 萬,212 呎,"$12,264",N/A
港島東,太古西灣河,太古城 海景花園(西) 銀柏閣 低層 D室,N/A,04/11/2024,-,"$32,000",922 呎,$35,N/A
港島東,太古西灣河,太古城 高山台 南山閣 25樓 D室,N/A,04/11/2024,3房,$865 萬,689 呎,"$12,554",N/A
港島東,太古西灣河,太古城 高山台 東山閣 5樓 B室,N/A,04/11/2024,3房,"$1,028 萬",797 呎,"$12,898",N/A
港島東,太古西灣河,太古城 翠湖台 洞庭閣 20樓 B室,N/A,04/11/2024,2房,$600 萬,580 呎,"$10,345",N/A
港島東,太古西灣河,太古城 海景花園(西) 綠楊閣 25樓 F室,N/A,04/11/2024,3房,"$1,268 萬",897 呎,"$14,136",N/A
港島東,太古西灣河,嘉亨灣 6座 中層 H室,N/A,03/11/2024,2房,"$24,000",492 呎,$49,N/A
港島東,太古西灣河,太古城 海景花園(東) 春櫻閣 低層 H室,N/A,03/11/2024,-,"$33,000","1,114 呎",$30,N/A
港島東,太古西灣河,鯉景灣 B段 逸榮閣 中層 F室,N/A,03/11/2024,2房,"$21,000",485 呎,$43,N/A
港島東,太古西灣河,形薈 1A座 高層 A室,N/A,02/11/2024,2房,"$25,000",489 呎,$51,露台
港島東,太古西灣河,太古城 海景花園(西) 翠榕閣 低層 G室,N/A,02/11/2024,3房,"$38,000","1,015 呎",$37,N/A
港島東,太古西灣河,嘉亨灣 2座 低層 E室,N/A,02/11/2024,2房,"$19,000",490 呎,$39,N/A
港島東,太古西灣河,逸濤灣 冬和軒 10樓 B室,N/A,01/11/2024,2房,$930 萬,561 呎,"$16,578",N/A
港島東,太古西灣河,鯉景灣 C段 怡昌閣 低層 F室,N/A,01/11/2024,2房,"$20,000",494 呎,$40,N/A
港島東,太古西灣河,雅歌苑 10樓 1室,N/A,01/11/2024,-,$400 萬,434 呎,"$9,217",N/A
港島東,太古西灣河,Island Residence 5樓 A室,N/A,01/11/2024,1房,$585 萬,369 呎,"$15,854",平台
港島東,太古西灣河,太古城 金殿臺 燕宮閣 高層 A室,N/A,01/11/2024,3房,"$29,000",747 呎,$39,N/A
港島東,太古西灣河,嘉亨灣 2座 低層 C室,N/A,01/11/2024,2房,"$25,000",467 呎,$54,N/A
港島東,太古西灣河,太康樓 2樓 R室,N/A,31/10/2024,-,$326 萬,473 呎,"$6,892",平台
港島東,太古西灣河,太古城 高山台 東山閣 21樓 B室,N/A,31/10/2024,3房,"$1,092 萬",797 呎,"$13,701",N/A
港島東,太古西灣河,太古城 海景花園(西) 綠楊閣 6樓 G室,N/A,30/10/2024,3房,"$1,518 萬","1,015 呎","$14,956",N/A
港島東,太古西灣河,太古城 海景花園(西) 金楓閣 19樓 F室,N/A,30/10/2024,3房,"$1,298 萬",897 呎,"$14,470",露台
港島東,太古西灣河,太古城 安盛台 高安閣 高層 C室,N/A,30/10/2024,3房,"$28,500",701 呎,$41,N/A
港島東,太古西灣河,東欣苑 A座 5樓 13室,N/A,30/10/2024,1房,$592 萬,601 呎,"$9,850",N/A
港島東,太古西灣河,藍灣半島 6座 9樓 B室,N/A,30/10/2024,3房,"$1,100 萬",811 呎,"$13,564",N/A
港島東,太古西灣河,太古城 翠湖台 鄱陽閣 13樓 A室,N/A,30/10/2024,2房,$688 萬,583 呎,"$11,801",N/A
港島東,太古西灣河,太古城 海景花園(西) 翠榕閣 15樓 G室,N/A,30/10/2024,3房,"$1,380 萬","1,015 呎","$13,596",N/A
港島東,太古西灣河,太古城 安盛台 順安閣 9樓 H室,N/A,29/10/2024,3房,$900 萬,703 呎,"$12,802",N/A
港島東,太古西灣河,東熹苑 逸熹閣 (B座) 21樓 5室,N/A,29/10/2024,1房,$400 萬,541 呎,"$7,394",N/A
港島東,太古西灣河,太安樓 20樓 18室,N/A,29/10/2024,-,$315 萬,352 呎,"$8,949",N/A
港島東,太古西灣河,柏匯 高層 J室,N/A,29/10/2024,開放式,"$14,500",211 呎,$69,露台
港島東,太古西灣河,西灣河大廈 12樓 D室,N/A,29/10/2024,3房,$370 萬,361 呎,"$10,249",N/A
港島東,太古西灣河,太古城 海天花園 南天閣 14樓 F室,N/A,28/10/2024,3房,$948 萬,646 呎,"$14,675",N/A
港島東,太古西灣河,鯉景灣 B段 逸康閣 低層 D室,N/A,28/10/2024,2房,"$24,000",536 呎,$45,N/A
港島東,太古西灣河,太古城 觀海台 北海閣 低層 H室,N/A,28/10/2024,3房,"$33,500",900 呎,$37,N/A
港島東,太古西灣河,The Holborn B座 中層 B5室,N/A,26/10/2024,1房,"$17,000",255 呎,$67,露台
港島東,太古西灣河,嘉亨灣 6座 高層 G室,N/A,25/10/2024,2房,"$24,000",508 呎,$47,N/A
港島東,太古西灣河,藍灣半島 8座 45樓 A室,N/A,25/10/2024,3房,"$1,068 萬",728 呎,"$14,670",N/A
港島東,太古西灣河,太古城 高山台 華山閣 8樓 A室,N/A,25/10/2024,3房,$904 萬,689 呎,"$13,120",N/A
港島東,太古西灣河,藍灣半島 6座 60樓 G室,N/A,25/10/2024,2房,$723 萬,492 呎,"$14,695",N/A
港島東,太古西灣河,太古城 高山台 華山閣 6樓 F室,N/A,24/10/2024,3房,$788 萬,685 呎,"$11,504",N/A
港島東,太古西灣河,鯉景灣 B段 逸星閣 低層 H室,N/A,24/10/2024,3房,"$32,500",798 呎,$41,N/A
港島東,太古西灣河,太古城 星輝台 海星閣 26樓 D室,N/A,24/10/2024,2房,$770 萬,503 呎,"$15,308",N/A
港島東,太古西灣河,嘉亨灣 6座 高層 E室,N/A,24/10/2024,2房,"$24,300",527 呎,$46,N/A
港島東,太古西灣河,逸瑆 3樓 F室,N/A,24/10/2024,1房,$518 萬,385 呎,"$13,455",露台 | | 工作平台
港島東,太古西灣河,嘉亨灣 1座 中層 C室,N/A,23/10/2024,2房,"$23,000",462 呎,$50,N/A
港島東,太古西灣河,太古城 觀海台 東海閣 3樓 C室,N/A,23/10/2024,-,$910 萬,723 呎,"$12,586",N/A
港島東,太古西灣河,東熹苑 華熹閣 (C座) 6樓 1室,N/A,22/10/2024,2房,$468 萬,649 呎,"$7,211",N/A
港島東,太古西灣河,藍灣半島 5座 53樓 F室,N/A,22/10/2024,2房,$645 萬,455 呎,"$14,176",N/A
港島東,太古西灣河,東熹苑 華熹閣 (C座) 20樓 11室,N/A,22/10/2024,1房,$480 萬,603 呎,"$7,960",N/A
港島東,太古西灣河,嘉亨灣 5座 25樓 C室,N/A,21/10/2024,3房,"$1,515 萬",749 呎,"$20,227",露台 | | 工作平台
港島東,太古西灣河,太古城 高山台 怡山閣 中層 H室,N/A,21/10/2024,2房,"$24,000",593 呎,$40,N/A
港島東,太古西灣河,太古城 海景花園(東) 美菊閣 10樓 C室,N/A,21/10/2024,3房,"$1,230 萬",897 呎,"$13,712",N/A
港島東,太古西灣河,鯉景灣 C段 怡坤閣 高層 F室,N/A,20/10/2024,2房,"$17,500",429 呎,$41,N/A
港島東,太古西灣河,太古城 高山台 鳳山閣 高層 G室,N/A,19/10/2024,2房,"$24,000",582 呎,$41,天台
港島東,太古西灣河,太安樓 20樓 17室,N/A,18/10/2024,-,$324 萬,352 呎,"$9,199",N/A
港島東,太古西灣河,東熹苑 逸熹閣 (B座) 5樓 13室,N/A,17/10/2024,1房,$382 萬,546 呎,"$6,996",N/A
港島東,太古西灣河,東盛苑 27樓 9室,N/A,17/10/2024,3房,$518 萬,645 呎,"$8,031",露台
港島東,太古西灣河,藍灣半島 3座 45樓 H室,N/A,17/10/2024,3房,$800 萬,566 呎,"$14,134",N/A
港島東,太古西灣河,嘉亨灣 1座 中層 G室,N/A,16/10/2024,2房,"$23,000",499 呎,$46,N/A
港島東,太古西灣河,藍灣半島 9座 20樓 B室,N/A,16/10/2024,3房,"$1,000 萬",862 呎,"$11,601",N/A
港島東,太古西灣河,形薈 2座 23樓 H室,N/A,15/10/2024,1房,$638 萬,398 呎,"$16,030",露台 | | 工作平台
港島東,太古西灣河,太古城 安盛台 建安閣 中層 A室,N/A,15/10/2024,2房,"$24,000",580 呎,$41,N/A
港島東,太古西灣河,太古城 星輝台 耀星閣 低層 G室,N/A,14/10/2024,2房,"$22,000",582 呎,$38,N/A
港島東,太古西灣河,太古城 觀海台 北海閣 8樓 G室,N/A,14/10/2024,2房,$779 萬,572 呎,"$13,619",N/A
港島東,太古西灣河,嘉亨灣 1座 中層 A室,N/A,14/10/2024,3房,"$34,000",658 呎,$52,N/A
港島東,太古西灣河,嘉亨灣 5座 中層 C室,N/A,11/10/2024,3房,"$36,800",749 呎,$49,露台
港島東,太古西灣河,嘉亨灣 2座 中層 G室,N/A,11/10/2024,2房,"$22,000",498 呎,$44,N/A
港島東,太古西灣河,藍灣半島 5座 8樓 A室,N/A,10/10/2024,3房,$880 萬,729 呎,"$12,071",N/A
港島東,太古西灣河,太古城 高山台 龍山閣 高層 C室,N/A,10/10/2024,2房,"$23,000",582 呎,$40,N/A
港島東,太古西灣河,太古城 高山台 金山閣 11樓 B室,N/A,10/10/2024,2房,$793 萬,582 呎,"$13,625",N/A
港島東,太古西灣河,匯豪峰 中層 B室,N/A,10/10/2024,-,"$32,000",685 呎,$47,露台
港島東,太古西灣河,太古城 金殿臺 唐宮閣 15樓 A室,N/A,10/10/2024,2房,$660 萬,489 呎,"$13,497",N/A
港島東,太古西灣河,太古城 高山台 華山閣 7樓 F室,N/A,09/10/2024,3房,$839 萬,685 呎,"$12,246",N/A
港島東,太古西灣河,太古城 海天花園 啟天閣 8樓 C室,N/A,09/10/2024,3房,"$1,000 萬",797 呎,"$12,547",N/A
港島東,太古西灣河,太古城 海天花園 景天閣 中層 C室,N/A,09/10/2024,3房,"$27,000",707 呎,$38,N/A
港島東,太古西灣河,嘉亨灣 1座 低層 A室,N/A,09/10/2024,3房,"$33,500",658 呎,$51,N/A
港島東,太古西灣河,嘉亨灣 1座 低層 A室,N/A,09/10/2024,3房,"$33,500",658 呎,$51,N/A
港島東,太古西灣河,形薈 1B座 27樓 H室,N/A,08/10/2024,開放式,$480 萬,291 呎,"$16,495",露台
港島東,太古西灣河,太古城 海景花園(東) 碧藤閣 高層 D室,N/A,08/10/2024,3房,"$36,000",922 呎,$39,N/A
港島東,太古西灣河,嘉亨灣 3座 16樓 A室,N/A,08/10/2024,3房,"$2,450 萬","1,129 呎","$21,701",露台 | | 工作平台
港島東,太古西灣河,太古城 海景花園(西) 青松閣 19樓 G室,N/A,08/10/2024,3房,"$1,700 萬","1,015 呎","$16,749",天台
港島東,太古西灣河,海澄大廈 16樓 2室,N/A,07/10/2024,-,$283 萬,316 呎,"$8,956",N/A
港島東,太古西灣河,太古城 高山台 華山閣 2樓 F室,N/A,07/10/2024,3房,$719 萬,685 呎,"$10,501",平台
港島東,太古西灣河,太古城 海天花園 南天閣 低層 E室,N/A,05/10/2024,3房,"$26,500",715 呎,$37,N/A
港島東,太古西灣河,太古城 高山台 龍山閣 24樓 A室,N/A,04/10/2024,2房,$698 萬,530 呎,"$13,170",N/A
港島東,太古西灣河,柏匯 高層 J室,N/A,04/10/2024,開放式,"$14,500",211 呎,$69,露台
港島東,太古西灣河,嘉亨灣 2座 55樓 F室,N/A,04/10/2024,2房,$888 萬,498 呎,"$17,831",露台 | | 工作平台
港島東,太古西灣河,藍灣半島 3座 32樓 G室,N/A,04/10/2024,2房,$685 萬,455 呎,"$15,055",N/A
港島東,太古西灣河,逸濤灣 三 ( 秋盈軒 ) 中層 D室,N/A,03/10/2024,3房,"$45,000",863 呎,$52,N/A
港島東,太古西灣河,太安樓 2樓 13室,N/A,03/10/2024,-,$270 萬,352 呎,"$7,670",N/A
港島東,太古西灣河,太古城 海景花園(西) 銀柏閣 26樓 G室,N/A,03/10/2024,3房,"$1,800 萬","1,015 呎","$17,734",N/A
港島東,太古西灣河,形薈 1B座 低層 B室,N/A,03/10/2024,1房,"$18,500",357 呎,$52,露台
港島東,太古西灣河,逸濤灣 夏池軒 38樓 B室,N/A,03/10/2024,2房,$980 萬,567 呎,"$17,284",N/A
港島東,太古西灣河,鯉景灣 D段 安曉閣 低層 B室,N/A,02/10/2024,2房,"$19,500",520 呎,$38,N/A
港島東,太古西灣河,嘉亨灣 6座 11樓 B室,N/A,02/10/2024,3房,"$1,408 萬",749 呎,"$18,798",露台 | | 工作平台
港島東,太古西灣河,太古城 安盛台 建安閣 17樓 B室,N/A,02/10/2024,3房,$960 萬,703 呎,"$13,656",N/A
港島東,太古西灣河,太古城 星輝台 銀星閣 21樓 H室,N/A,02/10/2024,3房,"$1,145 萬",749 呎,"$15,287",N/A
港島東,太古西灣河,太古城 星輝台 銀星閣 中層 C室,N/A,01/10/2024,3房,"$36,500",809 呎,$45,N/A
港島東,太古西灣河,千禧閣 千禧閣 (筲箕灣) 7樓 B室,N/A,30/09/2024,-,$380 萬,253 呎,"$15,020",N/A
港島東,太古西灣河,延齡大廈 3樓 C室,N/A,30/09/2024,-,$390 萬,367 呎,"$10,627",N/A
港島東,太古西灣河,鯉景灣 A段 觀暉閣 中層 H室,N/A,29/09/2024,3房,"$28,500",797 呎,$36,N/A
港島東,太古西灣河,The Holborn A座 低層 A10室,N/A,28/09/2024,1房,"$18,000",277 呎,$65,露台
港島東,太古西灣河,太古城 星輝台 海星閣 10樓 B室,N/A,27/09/2024,3房,$888 萬,662 呎,"$13,414",N/A
港島東,太古西灣河,太古城 海景花園(西) 紫樺閣 4樓 H室,N/A,27/09/2024,3房,"$1,580 萬","1,114 呎","$14,183",N/A
港島東,太古西灣河,太古城 星輝台 智星閣 高層 G室,N/A,27/09/2024,3房,"$26,500",664 呎,$40,N/A
港島東,太古西灣河,嘉亨灣 5座 低層 B室,N/A,27/09/2024,3房,"$37,000",749 呎,$49,N/A
港島東,太古西灣河,鯉景灣 A段 觀景閣 15樓 E室,N/A,27/09/2024,2房,$705 萬,536 呎,"$13,153",N/A
港島東,太古西灣河,藍灣半島 3座 低層 E室,N/A,27/09/2024,2房,"$19,500",436 呎,$45,N/A
港島東,太古西灣河,嘉亨灣 2座 中層 D室,N/A,27/09/2024,3房,"$24,800",496 呎,$50,N/A
港島東,太古西灣河,譽．東 譽東 中層 B室,N/A,27/09/2024,-,"$18,000",328 呎,$55,工作平台
港島東,太古西灣河,形薈 1A座 27樓 G室,N/A,27/09/2024,開放式,$478 萬,281 呎,"$17,011",露台
港島東,太古西灣河,太古城 翠湖台 洞庭閣 27樓 E室,N/A,26/09/2024,2房,$580 萬,489 呎,"$11,861",天台
港島東,太古西灣河,樂融軒 25樓 G室,N/A,26/09/2024,2房,$800 萬,508 呎,"$15,748",露台
港島東,太古西灣河,太安樓 3樓 19室,N/A,26/09/2024,-,$268 萬,352 呎,"$7,614",N/A
港島東,太古西灣河,逸濤灣 春瑤軒 28樓 A室,N/A,25/09/2024,2房,$945 萬,566 呎,"$16,696",N/A
港島東,太古西灣河,太古城 高山台 華山閣 18樓 G室,N/A,25/09/2024,3房,$898 萬,685 呎,"$13,109",N/A
港島東,太古西灣河,太古城 安盛台 高安閣 26樓 G室,N/A,25/09/2024,2房,$730 萬,503 呎,"$14,513",N/A
港島東,太古西灣河,太古城 金殿臺 夏宮閣 13樓 B室,N/A,25/09/2024,2房,$796 萬,580 呎,"$13,724",N/A
港島東,太古西灣河,太古城 海天花園 富天閣 6樓 C室,N/A,25/09/2024,3房,"$1,015 萬",717 呎,"$14,156",N/A
港島東,太古西灣河,藍灣半島 3座 45樓 D室,N/A,25/09/2024,3房,$860 萬,598 呎,"$14,381",N/A
港島東,太古西灣河,東熹苑 景熹閣 (A座) 11樓 2室,N/A,24/09/2024,1房,$438 萬,606 呎,"$7,228",N/A
港島東,太古西灣河,太安樓 24樓 57室,N/A,24/09/2024,-,$328 萬,352 呎,"$9,318",N/A
港島東,太古西灣河,大來大廈 14樓 D室,N/A,24/09/2024,2房,$322 萬,299 呎,"$10,769",N/A
港島東,太古西灣河,太古城 海天花園 海天閣 高層 C室,N/A,24/09/2024,3房,"$30,000",792 呎,$38,N/A
港島東,太古西灣河,太古城 翠湖台 洞庭閣 中層 H室,N/A,24/09/2024,2房,"$19,500",545 呎,$36,N/A
港島東,太古西灣河,西灣河大廈 17樓 B室,N/A,24/09/2024,2房,$318 萬,308 呎,"$10,325",N/A
港島東,太古西灣河,形薈 2座 33樓 H室,N/A,24/09/2024,2房,$778 萬,433 呎,"$17,968",露台 | | 工作平台
港島東,太古西灣河,Island Residence 22樓 F室,N/A,24/09/2024,1房,$610 萬,393 呎,"$15,522",露台
港島東,太古西灣河,嘉亨灣 5座 高層 H室,N/A,24/09/2024,1房,"$16,500",314 呎,$53,N/A
港島東,太古西灣河,鯉景灣 A段 觀海閣 中層 E室,N/A,24/09/2024,2房,"$23,500",527 呎,$45,N/A
港島東,太古西灣河,太古城 金殿臺 隋宮閣 19樓 B室,N/A,23/09/2024,3房,"$1,200 萬",785 呎,"$15,287",N/A
港島東,太古西灣河,藍灣半島 1座 50樓 C室,N/A,23/09/2024,3房,"$1,050 萬",751 呎,"$13,981",N/A
港島東,太古西灣河,譽．東 21樓 D室,N/A,23/09/2024,-,$688 萬,456 呎,"$15,088",露台 | | 工作平台
港島東,太古西灣河,逸濤灣 夏池軒 高層 A室,N/A,21/09/2024,2房,"$24,500",556 呎,$44,N/A
港島東,太古西灣河,The Holborn A座 低層 A7室,N/A,21/09/2024,開放式,"$15,000",209 呎,$72,平台
港島東,太古西灣河,逸濤灣 夏池軒 中層 B室,N/A,21/09/2024,2房,"$25,800",564 呎,$46,N/A
港島東,太古西灣河,嘉亨灣 3座 高層 A室,N/A,20/09/2024,3房,"$58,000","1,129 呎",$51,N/A
港島東,太古西灣河,逸濤灣 夏池軒 20樓 A室,N/A,20/09/2024,2房,$938 萬,563 呎,"$16,661",N/A
港島東,太古西灣河,太古城 海天花園 南天閣 低層 A室,N/A,20/09/2024,2房,"$25,000",592 呎,$42,N/A
港島東,太古西灣河,太安樓 25樓 7室,N/A,20/09/2024,-,$300 萬,352 呎,"$8,523",N/A
港島東,太古西灣河,太安樓 7樓 55室,N/A,19/09/2024,-,$275 萬,352 呎,"$7,813",N/A
港島東,太古西灣河,太古城 星輝台 衛星閣 低層 E室,N/A,19/09/2024,2房,"$21,500",502 呎,$43,N/A
港島東,太古西灣河,太安樓 24樓 50室,N/A,19/09/2024,-,$290 萬,352 呎,"$8,239",N/A
港島東,太古西灣河,東熹苑 華熹閣 (C座) 24樓 8室,N/A,19/09/2024,1房,$430 萬,541 呎,"$7,948",N/A
港島東,太古西灣河,太古城 海天花園 海天閣 26樓 G室,N/A,17/09/2024,-,"$1,180 萬",626 呎,"$18,850",N/A
港島東,太古西灣河,太安樓 8樓 16室,N/A,17/09/2024,-,$275 萬,352 呎,"$7,813",N/A
港島東,太古西灣河,太古城 觀海台 北海閣 25樓 H室,N/A,16/09/2024,3房,"$1,000 萬",708 呎,"$14,124",N/A
港島東,太古西灣河,太古城 海天花園 富天閣 14樓 E室,N/A,16/09/2024,3房,"$1,218 萬",760 呎,"$16,026",N/A
港島東,太古西灣河,嘉亨灣 6座 中層 A室,N/A,15/09/2024,3房,"$33,500",675 呎,$50,N/A
港島東,太古西灣河,The Holborn A座 低層 A10室,N/A,15/09/2024,1房,"$17,000",277 呎,$61,露台
港島東,太古西灣河,The Holborn A座 高層 A6室,N/A,15/09/2024,1房,"$17,800",255 呎,$70,露台
港島東,太古西灣河,鯉景灣 A段 觀海閣 中層 C室,N/A,14/09/2024,2房,"$19,200",485 呎,$40,N/A
港島東,太古西灣河,譽．東 譽東 中層 B室,N/A,14/09/2024,-,"$19,800",328 呎,$60,工作平台
港島東,太古西灣河,嘉亨灣 1座 高層 B室,N/A,13/09/2024,3房,"$34,000",673 呎,$51,N/A
港島東,太古西灣河,太古城 海景花園(西) 金楓閣 16樓 C室,N/A,13/09/2024,3房,"$1,338 萬",897 呎,"$14,916",露台
港島東,太古西灣河,嘉亨灣 1座 8樓 B室,N/A,13/09/2024,3房,"$1,018 萬",635 呎,"$16,031",平台
港島東,太古西灣河,逸濤灣 一 ( 春瑤軒 ) 高層 D室,N/A,13/09/2024,3房,"$45,000",868 呎,$52,N/A
港島東,太古西灣河,太古城 星輝台 海星閣 4樓 B室,N/A,13/09/2024,3房,$840 萬,662 呎,"$12,689",N/A
港島東,太古西灣河,太古城 翠湖台 鄱陽閣 24樓 C室,N/A,13/09/2024,2房,$603 萬,489 呎,"$12,331",N/A
港島東,太古西灣河,太古城 海天花園 景天閣 24樓 A室,N/A,12/09/2024,2房,$945 萬,592 呎,"$15,963",N/A
港島東,太古西灣河,太古城 金殿臺 元宮閣 18樓 A室,N/A,12/09/2024,3房,$933 萬,709 呎,"$13,159",N/A
港島東,太古西灣河,太古城 星輝台 銀星閣 高層 A室,N/A,12/09/2024,3房,"$32,000",749 呎,$43,N/A
港島東,太古西灣河,東熹苑 逸熹閣 (B座) 28樓 5室,N/A,12/09/2024,1房,$398 萬,538 呎,"$7,398",N/A
港島東,太古西灣河,嘉亨灣 2座 低層 E室,N/A,11/09/2024,2房,"$22,000",490 呎,$45,N/A
港島東,太古西灣河,嘉亨灣 3座 高層 C室,N/A,11/09/2024,3房,"$51,000",947 呎,$54,N/A
港島東,太古西灣河,太古城 海景花園(西) 紫樺閣 中層 D室,N/A,11/09/2024,3房,"$35,500",922 呎,$39,N/A
港島東,太古西灣河,太古城 高山台 怡山閣 6樓 F室,N/A,11/09/2024,3房,$700 萬,685 呎,"$10,219",N/A
港島東,太古西灣河,太古城 海景花園(西) 紫樺閣 7樓 G室,N/A,11/09/2024,3房,"$1,738 萬","1,015 呎","$17,123",N/A
港島東,太古西灣河,The Holborn B座 高層 B7室,N/A,11/09/2024,開放式,"$17,500",236 呎,$74,露台
港島東,太古西灣河,太古城 安盛台 建安閣 20樓 F室,N/A,10/09/2024,2房,$698 萬,503 呎,"$13,877",N/A
港島東,太古西灣河,太古城 高山台 龍山閣 23樓 F室,N/A,10/09/2024,2房,$738 萬,582 呎,"$12,680",N/A
港島東,太古西灣河,太古城 安盛台 順安閣 高層 D室,N/A,10/09/2024,2房,"$22,000",530 呎,$42,N/A
港島東,太古西灣河,欣景花園 1座 中層 H室,N/A,10/09/2024,3房,"$25,300",732 呎,$35,N/A
港島東,太古西灣河,太古城 安盛台 高安閣 30樓 E室,N/A,10/09/2024,2房,$850 萬,580 呎,"$14,655",天台
港島東,太古西灣河,興祥大廈 18樓 C室,N/A,09/09/2024,4房,$400 萬,467 呎,"$8,565",N/A
港島東,太古西灣河,泰興樓 4樓 C室,N/A,09/09/2024,-,$144 萬,302 呎,"$4,765",N/A
港島東,太古西灣河,太古城 翠湖台 洞庭閣 13樓 C室,N/A,09/09/2024,2房,$678 萬,580 呎,"$11,690",N/A
港島東,太古西灣河,嘉亨灣 2座 高層 F室,N/A,08/09/2024,2房,"$25,500",501 呎,$51,N/A
港島東,太古西灣河,The Holborn B座 中層 B8室,N/A,08/09/2024,開放式,"$16,500",224 呎,$74,露台
港島東,太古西灣河,太古城 海天花園 景天閣 低層 A室,N/A,07/09/2024,2房,"$25,800",592 呎,$44,N/A
港島東,太古西灣河,太古城 觀海台 東海閣 高層 A室,N/A,07/09/2024,3房,"$30,500",708 呎,$43,N/A
港島東,太古西灣河,逸濤灣 一 ( 春瑤軒 ) 低層 B室,N/A,05/09/2024,2房,"$24,500",549 呎,$45,N/A
港島東,太古西灣河,藍灣半島 3座 19樓 G室,N/A,05/09/2024,2房,$650 萬,457 呎,"$14,223",N/A
港島東,太古西灣河,The Holborn B座 高層 B9室,N/A,05/09/2024,開放式,"$16,500",221 呎,$75,露台
港島東,太古西灣河,鯉景灣 B段 逸華閣 2樓 H室,N/A,05/09/2024,3房,$920 萬,739 呎,"$12,449",花園 | | 平台 | | 露台
港島東,太古西灣河,太古城 星輝台 智星閣 高層 G室,N/A,05/09/2024,3房,"$27,000",664 呎,$41,N/A
港島東,太古西灣河,欣景花園 2座 13樓 C室,N/A,05/09/2024,3房,$705 萬,652 呎,"$10,813",N/A
港島東,太古西灣河,逸濤灣 夏池軒 48樓 A室,N/A,04/09/2024,2房,"$1,060 萬",574 呎,"$18,467",N/A
港島東,太古西灣河,嘉亨灣 1座 56樓 D室,N/A,04/09/2024,3房,"$1,000 萬",504 呎,"$19,841",露台 | | 工作平台
港島東,太古西灣河,嘉亨灣 2座 中層 A室,N/A,04/09/2024,3房,"$32,500",662 呎,$49,N/A
港島東,太古西灣河,太古城 星輝台 衛星閣 7樓 D室,N/A,04/09/2024,2房,$700 萬,502 呎,"$13,944",N/A
港島東,太古西灣河,太安樓 16樓 40室,N/A,04/09/2024,-,$285 萬,352 呎,"$8,097",N/A
港島東,太古西灣河,藍灣半島 5座 33樓 H室,N/A,03/09/2024,1房,$475 萬,323 呎,"$14,706",N/A
港島東,太古西灣河,太古城 海景花園(東) 海棠閣 低層 F室,N/A,03/09/2024,3房,"$35,000",897 呎,$39,N/A
港島東,太古西灣河,太古城 海天花園 啟天閣 中層 E室,N/A,03/09/2024,3房,"$35,500",759 呎,$47,N/A
港島東,太古西灣河,匯豪峰 高層 B室,N/A,03/09/2024,-,"$27,500",685 呎,$40,天台 | | 露台
港島東,太古西灣河,逸濤灣 冬和軒 中層 C室,N/A,03/09/2024,3房,"$40,000",744 呎,$54,N/A
港島東,太古西灣河,東欣苑 B座 8樓 4室,N/A,02/09/2024,開放式,$320 萬,418 呎,"$7,656",N/A
港島東,太古西灣河,鯉景灣 B段 逸康閣 2樓 E室,N/A,02/09/2024,2房,$675 萬,536 呎,"$12,593",N/A
港島東,太古西灣河,太古城 觀海台 南海閣 21樓 H室,N/A,02/09/2024,2房,$855 萬,552 呎,"$15,489",N/A
港島東,太古西灣河,太古城 星輝台 智星閣 19樓 G室,N/A,02/09/2024,3房,$807 萬,664 呎,"$12,154",N/A
港島東,太古西灣河,逸濤灣 夏池軒 9樓 C室,N/A,02/09/2024,3房,"$1,400 萬",737 呎,"$18,996",N/A
港島東,太古西灣河,港島．東18 7樓 D室,N/A,02/09/2024,1房,$359 萬,256 呎,"$14,016",露台
港島東,太古西灣河,太古城 星輝台 金星閣 18樓 G室,N/A,02/09/2024,3房,$928 萬,701 呎,"$13,238",N/A
港島東,太古西灣河,藍灣半島 5座 中層 D室,N/A,01/09/2024,3房,"$26,000",616 呎,$42,N/A
港島東,太古西灣河,The Holborn B座 高層 B6室,N/A,01/09/2024,1房,"$18,000",255 呎,$71,露台
港島東,太古西灣河,藍灣半島 2座 高層 C室,N/A,01/09/2024,3房,"$31,500",733 呎,$43,N/A
港島東,太古西灣河,逸濤灣 一 ( 春瑤軒 ) 高層 A室,N/A,01/09/2024,2房,"$27,000",556 呎,$49,N/A
港島東,太古西灣河,太古城 安盛台 高安閣 高層 G室,N/A,01/09/2024,2房,"$24,000",503 呎,$48,N/A
港島東,太古西灣河,柏匯 低層 J室,N/A,31/08/2024,開放式,"$13,800",211 呎,$65,露台
港島東,太古西灣河,太古城 安盛台 建安閣 中層 C室,N/A,31/08/2024,3房,"$28,800",703 呎,$41,N/A
港島東,太古西灣河,大來大廈 7樓 B室,N/A,30/08/2024,2房,$500 萬,354 呎,"$14,124",N/A
港島東,太古西灣河,藍灣半島 7座 35樓 H室,N/A,30/08/2024,3房,$738 萬,565 呎,"$13,062",N/A
港島東,太古西灣河,太安樓 23樓 60室,N/A,30/08/2024,-,$290 萬,352 呎,"$8,239",N/A
港島東,太古西灣河,太古城 海天花園 富天閣 高層 A室,N/A,30/08/2024,-,"$31,000",763 呎,$41,N/A
港島東,太古西灣河,鯉景灣 C段 怡海閣 中層 E室,N/A,30/08/2024,2房,"$20,800",539 呎,$39,N/A
港島東,太古西灣河,太古城 觀海台 南海閣 17樓 H室,N/A,30/08/2024,2房,$782 萬,552 呎,"$14,167",N/A
港島東,太古西灣河,太古城 高山台 怡山閣 16樓 C室,N/A,29/08/2024,3房,$820 萬,685 呎,"$11,971",N/A
港島東,太古西灣河,鯉景灣 A段 觀暉閣 7樓 A室,N/A,29/08/2024,3房,"$1,070 萬",797 呎,"$13,425",露台
港島東,太古西灣河,太古城 高山台 寶山閣 22樓 F室,N/A,29/08/2024,3房,$832 萬,691 呎,"$12,041",N/A
港島東,太古西灣河,太古城 翠湖台 鄱陽閣 7樓 G室,N/A,29/08/2024,2房,$580 萬,545 呎,"$10,642",N/A
港島東,太古西灣河,嘉亨灣 6座 中層 G室,N/A,28/08/2024,2房,"$24,000",508 呎,$47,N/A
港島東,太古西灣河,鯉景灣 D段 安明閣 低層 F室,N/A,28/08/2024,2房,"$19,000",527 呎,$36,N/A
港島東,太古西灣河,嘉亨灣 6座 低層 F室,N/A,28/08/2024,2房,"$26,500",503 呎,$53,N/A
港島東,太古西灣河,鯉景灣 B段 逸康閣 17樓 F室,N/A,28/08/2024,2房,$638 萬,485 呎,"$13,155",N/A
港島東,太古西灣河,嘉亨灣 3座 中層 A室,N/A,27/08/2024,3房,"$61,000","1,129 呎",$54,N/A
港島東,太古西灣河,太古城 星輝台 智星閣 高層 F室,N/A,27/08/2024,3房,"$28,500",664 呎,$43,N/A
港島東,太古西灣河,柏匯 23樓 B室,N/A,26/08/2024,開放式,$330 萬,210 呎,"$15,714",露台
港島東,太古西灣河,嘉亨灣 2座 中層 D室,N/A,26/08/2024,3房,"$24,000",496 呎,$48,N/A
港島東,太古西灣河,嘉亨灣 5座 高層 H室,N/A,25/08/2024,1房,"$16,500",314 呎,$53,N/A
港島東,太古西灣河,The Holborn A座 中層 A8室,N/A,25/08/2024,開放式,"$15,000",220 呎,$68,露台
港島東,太古西灣河,The Holborn B座 低層 B1室,N/A,25/08/2024,1房,"$17,000",268 呎,$63,露台
港島東,太古西灣河,The Holborn A座 高層 A2室,N/A,25/08/2024,1房,"$17,800",253 呎,$70,露台
港島東,太古西灣河,太古城 觀海台 南海閣 低層 A室,N/A,25/08/2024,2房,"$24,500",552 呎,$44,N/A
港島東,太古西灣河,鯉景灣 D段 安曉閣 低層 C室,N/A,23/08/2024,2房,"$19,000",517 呎,$37,N/A
港島東,太古西灣河,太古城 星輝台 恆星閣 高層 H室,N/A,23/08/2024,3房,"$29,800",748 呎,$40,N/A
港島東,太古西灣河,東熹苑 耀熹閣 (D座) 15樓 2室,N/A,23/08/2024,1房,$457 萬,606 呎,"$7,541",N/A
港島東,太古西灣河,太古城 翠湖台 洞庭閣 高層 E室,N/A,23/08/2024,2房,"$21,500",489 呎,$44,N/A
港島東,太古西灣河,太古城 海景花園(東) 美菊閣 8樓 A室,N/A,22/08/2024,3房,"$1,980 萬","1,114 呎","$17,774",N/A
港島東,太古西灣河,藍灣半島 2座 28樓 E室,N/A,22/08/2024,3房,$710 萬,565 呎,"$12,566",N/A
港島東,太古西灣河,太古城 星輝台 智星閣 高層 C室,N/A,22/08/2024,2房,"$26,000",582 呎,$45,N/A
港島東,太古西灣河,太古城 觀海台 北海閣 19樓 H室,N/A,21/08/2024,3房,"$1,000 萬",708 呎,"$14,124",N/A
港島東,太古西灣河,太古城 海景花園(東) 海棠閣 中層 B室,N/A,21/08/2024,3房,"$42,000","1,015 呎",$41,N/A
港島東,太古西灣河,形薈 1B座 中層 D室,N/A,20/08/2024,2房,"$22,000",494 呎,$45,露台
港島東,太古西灣河,太古城 海景花園(西) 綠楊閣 高層 C室,N/A,20/08/2024,-,"$53,000","1,046 呎",$51,天台
港島東,太古西灣河,太古城 海景花園(東) 春櫻閣 中層 C室,N/A,20/08/2024,3房,"$31,000",897 呎,$35,N/A
港島東,太古西灣河,太安樓 23樓 3室,N/A,19/08/2024,-,$296 萬,352 呎,"$8,409",N/A
港島東,太古西灣河,太古城 觀海台 東海閣 高層 H室,N/A,19/08/2024,3房,"$25,000",708 呎,$35,N/A
港島東,太古西灣河,太古城 海天花園 逸天閣 高層 H室,N/A,19/08/2024,2房,"$24,800",596 呎,$42,N/A
港島東,太古西灣河,太古城 觀海台 北海閣 22樓 E室,N/A,19/08/2024,3房,"$1,000 萬",708 呎,"$14,124",N/A
港島東,太古西灣河,藍灣半島 5座 中層 F室,N/A,18/08/2024,2房,"$19,500",455 呎,$43,N/A
港島東,太古西灣河,太古城 海景花園(西) 青松閣 高層 G室,N/A,17/08/2024,3房,"$47,800","1,015 呎",$47,N/A
港島東,太古西灣河,太古城 海景花園(東) 海棠閣 中層 H室,N/A,17/08/2024,3房,"$47,000","1,114 呎",$42,N/A
港島東,太古西灣河,長興大樓 8樓 C室,N/A,16/08/2024,-,$322 萬,339 呎,"$9,499",N/A
港島東,太古西灣河,嘉亨灣 1座 68樓 C室,N/A,16/08/2024,2房,$995 萬,462 呎,"$21,537",露台 | | 工作平台
港島東,太古西灣河,形薈 1A座 中層 C室,N/A,16/08/2024,2房,"$21,000",459 呎,$46,露台
港島東,太古西灣河,匯豪峰 低層 E室,N/A,16/08/2024,-,"$22,500",573 呎,$39,露台
港島東,太古西灣河,太古城 高山台 東山閣 28樓 B室,N/A,15/08/2024,3房,"$1,248 萬",797 呎,"$15,659",N/A
港島東,太古西灣河,太古城 星輝台 銀星閣 21樓 B室,N/A,15/08/2024,3房,"$1,298 萬",809 呎,"$16,044",N/A
港島東,太古西灣河,海澄大廈 19樓 6室,N/A,15/08/2024,-,$300 萬,328 呎,"$9,146",N/A
港島東,太古西灣河,太古城 海天花園 逸天閣 中層 G室,N/A,15/08/2024,3房,"$28,800",682 呎,$42,N/A
港島東,太古西灣河,太古城 海景花園(東) 美菊閣 低層 A室,N/A,14/08/2024,3房,"$38,000","1,114 呎",$34,N/A
港島東,太古西灣河,太古城 高山台 恆山閣 22樓 C室,N/A,14/08/2024,3房,$900 萬,684 呎,"$13,158",N/A
港島東,太古西灣河,太古城 星輝台 恆星閣 22樓 B室,N/A,14/08/2024,3房,"$1,080 萬",809 呎,"$13,350",N/A
港島東,太古西灣河,嘉兆大廈 15樓 D室,N/A,14/08/2024,2房,$380 萬,401 呎,"$9,476",N/A
港島東,太古西灣河,太古城 星輝台 天星閣 高層 A室,N/A,13/08/2024,2房,"$26,500",580 呎,$46,N/A
港島東,太古西灣河,鯉景灣 A段 觀峰閣 高層 B室,N/A,13/08/2024,3房,"$28,000",677 呎,$41,N/A
港島東,太古西灣河,嘉亨灣 3座 高層 D室,N/A,13/08/2024,3房,"$52,000",942 呎,$55,N/A
港島東,太古西灣河,太古城 安盛台 寶安閣 25樓 H室,N/A,13/08/2024,3房,$900 萬,706 呎,"$12,748",N/A
港島東,太古西灣河,鯉景灣 D段 安明閣 2樓 G室,N/A,13/08/2024,3房,$745 萬,635 呎,"$11,732",N/A
港島東,太古西灣河,太古城 海天花園 海天閣 14樓 D室,N/A,12/08/2024,3房,"$1,220 萬",759 呎,"$16,074",N/A
港島東,太古西灣河,鯉景灣 A段 觀峰閣 高層 G室,N/A,11/08/2024,3房,"$28,000",672 呎,$42,N/A
港島東,太古西灣河,鯉景灣 A段 觀景閣 低層 F室,N/A,10/08/2024,2房,"$19,500",485 呎,$40,N/A
港島東,太古西灣河,太古城 海天花園 景天閣 中層 G室,N/A,10/08/2024,2房,"$24,500",589 呎,$42,N/A
港島東,太古西灣河,太古城 星輝台 衛星閣 低層 D室,N/A,10/08/2024,2房,"$20,000",502 呎,$40,N/A
港島東,太古西灣河,逸瑆 高層 B室,N/A,10/08/2024,開放式,"$14,000",285 呎,$49,露台
港島東,太古西灣河,太古城 星輝台 衛星閣 低層 D室,N/A,10/08/2024,2房,"$20,000",502 呎,$40,N/A
港島東,太古西灣河,The Holborn A座 高層 A9室,N/A,10/08/2024,開放式,"$16,000",226 呎,$71,露台
港島東,太古西灣河,太古城 海天花園 富天閣 低層 D室,N/A,10/08/2024,3房,"$35,000",760 呎,$46,N/A
港島東,太古西灣河,藍灣半島 8座 50樓 B室,N/A,09/08/2024,3房,"$1,350 萬",830 呎,"$16,265",N/A
港島東,太古西灣河,藍灣半島 7座 51樓 B室,N/A,09/08/2024,3房,"$1,230 萬",811 呎,"$15,166",N/A
港島東,太古西灣河,太古城 高山台 寶山閣 24樓 F室,N/A,08/08/2024,3房,$845 萬,691 呎,"$12,229",N/A
港島東,太古西灣河,太古城 星輝台 海星閣 低層 H室,N/A,08/08/2024,2房,"$19,000",603 呎,$32,N/A
港島東,太古西灣河,太安樓 14樓 49室,N/A,08/08/2024,-,$282 萬,352 呎,"$8,011",N/A
港島東,太古西灣河,逸濤灣 一 ( 春瑤軒 ) 低層 C室,N/A,08/08/2024,3房,"$38,000",738 呎,$51,N/A
港島東,太古西灣河,嘉亨灣 6座 低層 H室,N/A,08/08/2024,2房,"$24,000",492 呎,$49,N/A
港島東,太古西灣河,嘉亨灣 3座 中層 A室,N/A,07/08/2024,3房,"$56,500","1,129 呎",$50,N/A
港島東,太古西灣河,藍灣半島 7座 45樓 B室,N/A,07/08/2024,3房,"$1,170 萬",811 呎,"$14,427",N/A
港島東,太古西灣河,The Holborn B座 中層 B8室,N/A,07/08/2024,1房,"$18,000",313 呎,$58,露台
港島東,太古西灣河,藍灣半島 7座 高層 C室,N/A,06/08/2024,3房,"$33,900",811 呎,$42,N/A
港島東,太古西灣河,鯉景灣 B段 逸華閣 中層 F室,N/A,05/08/2024,2房,"$21,000",485 呎,$43,N/A
港島東,太古西灣河,太古城 海景花園(東) 碧藤閣 中層 C室,N/A,05/08/2024,3房,"$35,500",897 呎,$40,N/A
港島東,太古西灣河,太古城 觀海台 東海閣 26樓 G室,N/A,05/08/2024,2房,$850 萬,572 呎,"$14,860",N/A
港島東,太古西灣河,藍灣半島 3座 16樓 B室,N/A,05/08/2024,3房,$980 萬,733 呎,"$13,370",N/A
港島東,太古西灣河,太古城 高山台 富山閣 中層 D室,N/A,03/08/2024,2房,"$24,000",593 呎,$40,N/A
港島東,太古西灣河,嘉亨灣 5座 高層 H室,N/A,03/08/2024,1房,"$16,500",314 呎,$53,N/A
港島東,太古西灣河,太古城 高山台 廬山閣 低層 E室,N/A,03/08/2024,3房,"$27,000",670 呎,$40,N/A
港島東,太古西灣河,鯉景灣 A段 觀峰閣 低層 B室,N/A,01/08/2024,3房,"$26,582",677 呎,$39,N/A
港島東,太古西灣河,逸濤灣 一 ( 春瑤軒 ) 低層 A室,N/A,01/08/2024,2房,"$26,000",563 呎,$46,N/A
港島東,太古西灣河,嘉亨灣 5座 中層 C室,N/A,01/08/2024,3房,"$39,000",749 呎,$52,N/A
港島東,太古西灣河,太古城 高山台 恆山閣 13樓 C室,N/A,01/08/2024,3房,$830 萬,684 呎,"$12,135",N/A
港島東,太古西灣河,藍灣半島 8座 高層 A室,N/A,01/08/2024,3房,"$29,500",728 呎,$41,N/A
港島東,太古西灣河,太古城 海天花園 南天閣 高層 A室,N/A,01/08/2024,2房,"$25,000",592 呎,$42,N/A
港島東,太古西灣河,鯉景灣 A段 觀景閣 10樓 G室,N/A,01/08/2024,3房,$978 萬,676 呎,"$14,467",N/A
港島東,太古西灣河,利基大廈 12樓 7室,N/A,01/08/2024,3房,$430 萬,454 呎,"$9,471",N/A
港島東,太古西灣河,The Holborn A座 高層 A8室,N/A,31/07/2024,開放式,"$15,800",220 呎,$72,露台
港島東,太古西灣河,太古城 高山台 華山閣 中層 G室,N/A,31/07/2024,3房,"$26,000",685 呎,$38,N/A
港島東,太古西灣河,太安樓 10樓 16室,N/A,31/07/2024,-,$291 萬,352 呎,"$8,267",N/A
港島東,太古西灣河,藍灣半島 5座 低層 F室,N/A,31/07/2024,2房,"$19,500",457 呎,$43,N/A
港島東,太古西灣河,嘉亨灣 5座 中層 E室,N/A,31/07/2024,2房,"$23,000",494 呎,$47,N/A
港島東,太古西灣河,鯉景灣 C段 怡昌閣 18樓 C室,N/A,31/07/2024,2房,$525 萬,431 呎,"$12,181",N/A
港島東,太古西灣河,太古城 金殿臺 元宮閣 17樓 G室,N/A,31/07/2024,2房,$770 萬,580 呎,"$13,276",N/A
港島東,太古西灣河,東熹苑 景熹閣 (A座) 34樓 5室,N/A,30/07/2024,1房,$358 萬,538 呎,"$6,654",N/A
港島東,太古西灣河,太古城 高山台 天山閣 8樓 F室,N/A,30/07/2024,2房,$698 萬,536 呎,"$13,022",N/A
港島東,太古西灣河,興祥大廈 18樓 G室,N/A,30/07/2024,3房,$380 萬,467 呎,"$8,137",N/A
港島東,太古西灣河,嘉亨灣 3座 低層 A室,N/A,30/07/2024,3房,"$50,000","1,129 呎",$44,N/A
港島東,太古西灣河,欣景花園 3座 5樓 F室,N/A,29/07/2024,3房,$650 萬,681 呎,"$9,545",N/A
港島東,太古西灣河,藍灣半島 3座 31樓 H室,N/A,29/07/2024,3房,$790 萬,565 呎,"$13,982",N/A
港島東,太古西灣河,太安樓 7樓 39室,N/A,29/07/2024,-,$275 萬,352 呎,"$7,813",N/A
港島東,太古西灣河,鯉景灣 A段 觀海閣 5樓 F室,N/A,29/07/2024,2房,$810 萬,583 呎,"$13,894",露台
港島東,太古西灣河,藍灣半島 3座 53樓 D室,N/A,29/07/2024,3房,$840 萬,598 呎,"$14,047",N/A
港島東,太古西灣河,The Holborn A座 高層 A7室,N/A,29/07/2024,開放式,"$17,000",228 呎,$75,露台
港島東,太古西灣河,延齡大廈 22樓 A室,N/A,29/07/2024,-,$500 萬,445 呎,"$11,236",N/A
港島東,太古西灣河,太古城 安盛台 寶安閣 低層 D室,N/A,28/07/2024,2房,"$25,000",602 呎,$42,N/A
港島東,太古西灣河,太古城 安盛台 寶安閣 低層 D室,N/A,28/07/2024,2房,"$25,000",602 呎,$42,N/A
港島東,太古西灣河,海寧大廈 低層 A室,N/A,28/07/2024,-,"$13,800",279 呎,$49,N/A
港島東,太古西灣河,The Holborn A座 中層 A2室,N/A,27/07/2024,1房,"$17,000",253 呎,$67,露台
港島東,太古西灣河,太古城 海景花園(西) 紫樺閣 17樓 B室,N/A,26/07/2024,3房,"$1,660 萬","1,015 呎","$16,355",N/A
港島東,太古西灣河,太古城 海景花園(西) 紫樺閣 16樓 E室,N/A,26/07/2024,3房,"$1,368 萬",922 呎,"$14,837",N/A
港島東,太古西灣河,太古城 海天花園 恆天閣 高層 B室,N/A,26/07/2024,3房,"$31,300",714 呎,$44,N/A
港島東,太古西灣河,藍灣半島 3座 42樓 F室,N/A,26/07/2024,2房,$700 萬,455 呎,"$15,385",N/A
港島東,太古西灣河,太古城 海天花園 南天閣 19樓 F室,N/A,26/07/2024,3房,"$1,008 萬",646 呎,"$15,604",N/A
港島東,太古西灣河,太古城 星輝台 耀星閣 低層 B室,N/A,26/07/2024,3房,"$26,000",664 呎,$39,N/A
港島東,太古西灣河,嘉亨灣 2座 中層 A室,N/A,26/07/2024,3房,"$28,000",662 呎,$42,N/A
港島東,太古西灣河,太安樓 27樓 43室,N/A,25/07/2024,-,$310 萬,352 呎,"$8,807",N/A
港島東,太古西灣河,柏匯 高層 A室,N/A,25/07/2024,1房,"$18,000",328 呎,$55,露台
港島東,太古西灣河,太古城 海景花園(東) 雅蓮閣 中層 C室,N/A,25/07/2024,3房,"$34,500",897 呎,$38,N/A
港島東,太古西灣河,太古城 海景花園(西) 金楓閣 低層 D室,N/A,25/07/2024,3房,"$35,000",922 呎,$38,N/A
港島東,太古西灣河,藍灣半島 1座 中層 G室,N/A,25/07/2024,2房,"$18,000",455 呎,$40,N/A
港島東,太古西灣河,太古城 星輝台 金星閣 中層 F室,N/A,25/07/2024,3房,"$27,500",701 呎,$39,N/A
港島東,太古西灣河,麗灣大廈 7樓 H室,N/A,24/07/2024,-,$313 萬,440 呎,"$7,114",N/A
港島東,太古西灣河,太古城 海天花園 逸天閣 6樓 D室,N/A,24/07/2024,3房,"$1,083 萬",714 呎,"$15,168",N/A
港島東,太古西灣河,鯉景灣 A段 觀暉閣 12樓 G室,N/A,24/07/2024,3房,$918 萬,676 呎,"$13,580",N/A
港島東,太古西灣河,藍灣半島 8座 46樓 D室,N/A,24/07/2024,3房,"$1,180 萬",825 呎,"$14,303",N/A
港島東,太古西灣河,藍灣半島 7座 高層 A室,N/A,23/07/2024,3房,"$66,000","1,643 呎",$40,N/A
港島東,太古西灣河,太古城 高山台 廬山閣 高層 F室,N/A,23/07/2024,2房,"$24,000",589 呎,$41,N/A
港島東,太古西灣河,藍灣半島 1座 45樓 E室,N/A,23/07/2024,2房,$745 萬,451 呎,"$16,519",N/A
港島東,太古西灣河,太古城 金殿臺 夏宮閣 低層 E室,N/A,23/07/2024,3房,"$26,000",702 呎,$37,N/A
港島東,太古西灣河,太古城 金殿臺 燕宮閣 6樓 C室,N/A,22/07/2024,3房,"$1,018 萬",785 呎,"$12,968",N/A
港島東,太古西灣河,嘉亨灣 1座 高層 A室,N/A,22/07/2024,3房,"$34,000",658 呎,$52,N/A
港島東,太古西灣河,太古城 安盛台 順安閣 中層 C室,N/A,22/07/2024,2房,"$25,000",580 呎,$43,N/A
港島東,太古西灣河,藍灣半島 6座 中層 B室,N/A,22/07/2024,3房,"$30,000",811 呎,$37,N/A
港島東,太古西灣河,太古城 海天花園 冠天閣 中層 D室,N/A,22/07/2024,3房,"$28,500",714 呎,$40,N/A
港島東,太古西灣河,形薈 1A座 低層 A室,N/A,21/07/2024,2房,"$22,500",489 呎,$46,露台
港島東,太古西灣河,The Holborn A座 高層 A7室,N/A,21/07/2024,開放式,"$15,800",228 呎,$69,露台
港島東,太古西灣河,The Holborn A座 中層 A2室,N/A,20/07/2024,1房,"$17,000",253 呎,$67,露台
港島東,太古西灣河,藍灣半島 5座 中層 B室,N/A,20/07/2024,3房,"$31,800",733 呎,$43,N/A
港島東,太古西灣河,太古城 高山台 金山閣 15樓 H室,N/A,19/07/2024,2房,$728 萬,593 呎,"$12,277",N/A
港島東,太古西灣河,形薈 2座 8樓 E室,N/A,19/07/2024,2房,$778 萬,484 呎,"$16,074",露台 | | 工作平台
港島東,太古西灣河,嘉亨灣 5座 中層 B室,N/A,19/07/2024,3房,"$36,000",749 呎,$48,N/A
港島東,太古西灣河,嘉亨灣 5座 中層 B室,N/A,19/07/2024,3房,"$36,000",749 呎,$48,N/A
港島東,太古西灣河,藍灣半島 8座 56樓 G室,N/A,19/07/2024,3房,$818 萬,595 呎,"$13,748",N/A
港島東,太古西灣河,太古城 海景花園(東) 海棠閣 低層 A室,N/A,18/07/2024,3房,"$43,000","1,114 呎",$39,N/A
港島東,太古西灣河,嘉亨灣 2座 中層 H室,N/A,18/07/2024,2房,"$22,000",490 呎,$45,N/A
港島東,太古西灣河,嘉亨灣 6座 37樓 G室,N/A,18/07/2024,2房,$874 萬,508 呎,"$17,205",露台 | | 工作平台
港島東,太古西灣河,太古城 海天花園 冠天閣 低層 E室,N/A,18/07/2024,3房,"$30,500",714 呎,$43,N/A
港島東,太古西灣河,太古城 金殿臺 隋宮閣 高層 G室,N/A,18/07/2024,3房,"$27,000",716 呎,$38,N/A
港島東,太古西灣河,太安樓 8樓 51室,N/A,17/07/2024,-,$287 萬,352 呎,"$8,153",N/A
港島東,太古西灣河,鯉景灣 D段 安明閣 14樓 B室,N/A,17/07/2024,2房,$658 萬,520 呎,"$12,654",N/A
港島東,太古西灣河,太古城 海景花園(東) 美菊閣 高層 H室,N/A,17/07/2024,3房,"$38,000","1,114 呎",$34,N/A
港島東,太古西灣河,藍灣半島 5座 中層 C室,N/A,17/07/2024,3房,"$23,000",605 呎,$38,N/A
港島東,太古西灣河,太古城 金殿臺 燕宮閣 26樓 F室,N/A,17/07/2024,3房,$988 萬,716 呎,"$13,799",N/A
港島東,太古西灣河,嘉亨灣 5座 28樓 E室,N/A,17/07/2024,2房,$850 萬,494 呎,"$17,206",露台 | | 工作平台
港島東,太古西灣河,太古城 海景花園(西) 綠楊閣 20樓 E室,N/A,17/07/2024,3房,"$1,408 萬",922 呎,"$15,271",N/A
港島東,太古西灣河,東熹苑 景熹閣 (A座) 38樓 8室,N/A,16/07/2024,1房,$380 萬,538 呎,"$7,063",N/A
港島東,太古西灣河,逸濤灣 三 ( 秋盈軒 ) 高層 C室,N/A,16/07/2024,3房,"$38,000",744 呎,$51,N/A
港島東,太古西灣河,東熹苑 景熹閣 (A座) 9樓 2室,N/A,15/07/2024,1房,$440 萬,606 呎,"$7,257",N/A
港島東,太古西灣河,鯉景灣 B段 逸星閣 中層 E室,N/A,15/07/2024,2房,"$22,500",536 呎,$42,N/A
港島東,太古西灣河,鯉景灣 C段 怡坤閣 高層 C室,N/A,15/07/2024,2房,"$19,000",494 呎,$38,N/A
港島東,太古西灣河,太古城 觀海台 南海閣 7樓 D室,N/A,15/07/2024,2房,$690 萬,488 呎,"$14,139",N/A
港島東,太古西灣河,太古城 海天花園 啟天閣 10樓 B室,N/A,15/07/2024,3房,"$1,068 萬",797 呎,"$13,400",N/A
港島東,太古西灣河,欣景花園 3座 低層 F室,N/A,14/07/2024,3房,"$23,500",681 呎,$35,N/A
港島東,太古西灣河,鯉景灣 A段 觀峰閣 低層 F室,N/A,14/07/2024,2房,"$22,000",485 呎,$45,N/A
港島東,太古西灣河,太古城 安盛台 興安閣 高層 E室,N/A,13/07/2024,2房,"$26,500",583 呎,$45,天台
港島東,太古西灣河,嘉亨灣 6座 中層 H室,N/A,13/07/2024,2房,"$22,000",492 呎,$45,N/A
港島東,太古西灣河,The Holborn A座 高層 A8室,N/A,13/07/2024,開放式,"$16,900",220 呎,$77,露台
港島東,太古西灣河,東熹苑 逸熹閣 (B座) 13樓 16室,N/A,12/07/2024,1房,$399 萬,546 呎,"$7,308",N/A
港島東,太古西灣河,太古城 海天花園 逸天閣 10樓 C室,N/A,12/07/2024,3房,"$1,100 萬",707 呎,"$15,559",N/A
港島東,太古西灣河,太古城 星輝台 智星閣 7樓 A室,N/A,12/07/2024,3房,$884 萬,701 呎,"$12,603",N/A
港島東,太古西灣河,金寶大廈 9樓 C室,N/A,12/07/2024,2房,$365 萬,357 呎,"$10,224",N/A
港島東,太古西灣河,太古城 金殿臺 燕宮閣 3樓 A室,N/A,12/07/2024,3房,$868 萬,747 呎,"$11,620",平台
港島東,太古西灣河,太古城 高山台 富山閣 中層 D室,N/A,12/07/2024,2房,"$25,000",593 呎,$42,N/A
港島東,太古西灣河,形薈 1B座 低層 C室,N/A,11/07/2024,2房,"$23,000",489 呎,$47,露台
港島東,太古西灣河,嘉亨灣 5座 中層 F室,N/A,11/07/2024,2房,"$23,500",498 呎,$47,N/A
港島東,太古西灣河,長興大樓 13樓 C室,N/A,11/07/2024,-,$360 萬,339 呎,"$10,619",N/A
港島東,太古西灣河,太古城 海景花園(西) 紫樺閣 4樓 B室,N/A,10/07/2024,3房,"$1,288 萬","1,015 呎","$12,690",N/A
港島東,太古西灣河,太古城 安盛台 興安閣 高層 H室,N/A,10/07/2024,2房,"$18,200",583 呎,$31,N/A
港島東,太古西灣河,太古城 海天花園 南天閣 23樓 B室,N/A,10/07/2024,3房,"$1,092 萬",680 呎,"$16,059",N/A
港島東,太古西灣河,鯉景灣 C段 怡茵閣 中層 D室,N/A,10/07/2024,2房,"$21,000",539 呎,$39,N/A
港島東,太古西灣河,太古城 高山台 鳳山閣 8樓 C室,N/A,10/07/2024,2房,$790 萬,582 呎,"$13,574",N/A
港島東,太古西灣河,太古城 金殿臺 齊宮閣 22樓 B室,N/A,10/07/2024,3房,"$1,018 萬",702 呎,"$14,501",N/A
港島東,太古西灣河,嘉亨灣 5座 低層 A室,N/A,10/07/2024,3房,"$30,000",685 呎,$44,N/A
港島東,太古西灣河,嘉亨灣 5座 高層 D室,N/A,10/07/2024,3房,"$33,500",675 呎,$50,N/A
港島東,太古西灣河,太古城 星輝台 天星閣 高層 E室,N/A,10/07/2024,2房,"$26,000",580 呎,$45,N/A
港島東,太古西灣河,太古城 海天花園 恆天閣 15樓 D室,N/A,09/07/2024,2房,$890 萬,584 呎,"$15,240",N/A
港島東,太古西灣河,太古城 觀海台 北海閣 10樓 B室,N/A,09/07/2024,3房,"$1,238 萬",723 呎,"$17,123",N/A
港島東,太古西灣河,太古城 星輝台 天星閣 9樓 G室,N/A,09/07/2024,3房,"$1,022 萬",707 呎,"$14,455",N/A
港島東,太古西灣河,太古城 高山台 天山閣 6樓 F室,N/A,08/07/2024,2房,$768 萬,536 呎,"$14,328",N/A
港島東,太古西灣河,太古城 海天花園 南天閣 高層 E室,N/A,08/07/2024,3房,"$32,000",717 呎,$45,N/A
港島東,太古西灣河,太古城 翠湖台 太湖閣 低層 G室,N/A,08/07/2024,2房,"$20,300",545 呎,$37,N/A
港島東,太古西灣河,嘉亨灣 6座 高層 B室,N/A,08/07/2024,3房,"$36,500",749 呎,$49,N/A
港島東,太古西灣河,藍灣半島 5座 42樓 C室,N/A,08/07/2024,3房,$838 萬,605 呎,"$13,851",N/A
港島東,太古西灣河,形薈 1A座 高層 C室,N/A,08/07/2024,2房,"$25,000",457 呎,$55,露台
港島東,太古西灣河,太古城 星輝台 智星閣 低層 A室,N/A,07/07/2024,3房,"$27,200",701 呎,$39,N/A
港島東,太古西灣河,The Holborn A座 低層 A9室,N/A,07/07/2024,開放式,"$14,000",227 呎,$62,露台
港島東,太古西灣河,形薈 1B座 中層 F室,N/A,06/07/2024,2房,"$22,000",431 呎,$51,露台 | | 工作平台
港島東,太古西灣河,嘉亨灣 5座 中層 G室,N/A,05/07/2024,2房,"$22,000",498 呎,$44,N/A
港島東,太古西灣河,延齡大廈 21樓 C室,N/A,05/07/2024,-,$450 萬,367 呎,"$12,262",N/A
港島東,太古西灣河,太古城 海景花園(東) 春櫻閣 7樓 C室,N/A,05/07/2024,3房,"$1,265 萬",897 呎,"$14,103",N/A
港島東,太古西灣河,太安樓 28樓 1室,N/A,05/07/2024,-,$300 萬,352 呎,"$8,523",N/A
港島東,太古西灣河,太古城 安盛台 寧安閣 30樓 B室,N/A,04/07/2024,3房,"$1,000 萬",703 呎,"$14,225",天台
港島東,太古西灣河,藍灣半島 9座 20樓 C室,N/A,04/07/2024,3房,$950 萬,811 呎,"$11,714",N/A
港島東,太古西灣河,藍灣半島 5座 中層 G室,N/A,04/07/2024,2房,"$16,800",457 呎,$37,N/A
港島東,太古西灣河,興祥大廈 19樓 F室,N/A,04/07/2024,-,$300 萬,426 呎,"$7,042",N/A
港島東,太古西灣河,藍灣半島 3座 高層 H室,N/A,04/07/2024,3房,"$21,000",565 呎,$37,N/A
港島東,太古西灣河,太安樓 20樓 64室,N/A,04/07/2024,-,$290 萬,352 呎,"$8,239",N/A
港島東,太古西灣河,太安樓 3樓 3室,N/A,03/07/2024,-,$273 萬,352 呎,"$7,756",N/A
港島東,太古西灣河,百利居 22樓 B室,N/A,03/07/2024,2房,$578 萬,389 呎,"$14,859",N/A
港島東,太古西灣河,The Holborn B座 中層 B7室,N/A,03/07/2024,開放式,"$14,000",236 呎,$59,露台
港島東,太古西灣河,鯉景灣 D段 安明閣 15樓 B室,N/A,03/07/2024,2房,$667 萬,520 呎,"$12,823",N/A
港島東,太古西灣河,太古城 海天花園 逸天閣 6樓 H室,N/A,03/07/2024,2房,$911 萬,591 呎,"$15,415",N/A
港島東,太古西灣河,柏匯 低層 H室,N/A,03/07/2024,開放式,"$12,700",209 呎,$61,露台
港島東,太古西灣河,鯉景灣 D段 安明閣 14樓 C室,N/A,03/07/2024,2房,$650 萬,509 呎,"$12,770",N/A
港島東,太古西灣河,東熹苑 逸熹閣 (B座) 29樓 8室,N/A,03/07/2024,1房,$380 萬,538 呎,"$7,063",N/A
港島東,太古西灣河,太古城 翠湖台 洞庭閣 14樓 A室,N/A,03/07/2024,2房,$600 萬,545 呎,"$11,009",N/A
港島東,太古西灣河,太古城 海天花園 逸天閣 中層 G室,N/A,03/07/2024,3房,"$29,800",682 呎,$44,N/A
港島東,太古西灣河,太古城 海天花園 逸天閣 17樓 A室,N/A,02/07/2024,2房,$928 萬,591 呎,"$15,702",N/A
港島東,太古西灣河,太安樓 15樓 43室,N/A,02/07/2024,-,$304 萬,352 呎,"$8,631",N/A
港島東,太古西灣河,太古城 金殿臺 燕宮閣 28樓 H室,N/A,02/07/2024,3房,"$1,258 萬",747 呎,"$16,841",天台
港島東,太古西灣河,鯉景灣 C段 怡坤閣 12樓 D室,N/A,02/07/2024,2房,$715 萬,539 呎,"$13,265",N/A
港島東,太古西灣河,太古城 翠湖台 鄱陽閣 21樓 E室,N/A,02/07/2024,2房,$688 萬,583 呎,"$11,801",N/A
港島東,太古西灣河,東熹苑 景熹閣 (A座) 32樓 14室,N/A,02/07/2024,開放式,$360 萬,433 呎,"$8,314",N/A
港島東,太古西灣河,藍灣半島 5座 高層 C室,N/A,01/07/2024,3房,"$26,000",620 呎,$42,N/A
港島東,太古西灣河,嘉亨灣 1座 中層 F室,N/A,01/07/2024,2房,"$23,500",499 呎,$47,N/A
港島東,太古西灣河,逸濤灣 三 ( 秋盈軒 ) 低層 C室,N/A,01/07/2024,3房,"$36,000",743 呎,$48,N/A
港島東,太古西灣河,藍灣半島 7座 高層 B室,N/A,01/07/2024,3房,"$32,000",830 呎,$39,N/A
港島東,太古西灣河,嘉亨灣 1座 低層 A室,N/A,01/07/2024,3房,"$31,000",658 呎,$47,N/A
港島東,太古西灣河,藍灣半島 8座 高層 G室,N/A,01/07/2024,3房,"$23,800",595 呎,$40,N/A
港島東,太古西灣河,太古城 星輝台 金星閣 高層 C室,N/A,01/07/2024,3房,"$31,000",701 呎,$44,N/A
港島東,太古西灣河,太古城 金殿臺 隋宮閣 高層 G室,N/A,30/06/2024,3房,"$29,500",716 呎,$41,N/A
港島東,太古西灣河,逸濤灣 夏池軒 高層 C室,N/A,28/06/2024,3房,"$38,500",741 呎,$52,N/A
港島東,太古西灣河,逸濤灣 一 ( 春瑤軒 ) 中層 B室,N/A,28/06/2024,2房,"$26,000",549 呎,$47,N/A
港島東,太古西灣河,太安樓 2樓 21室,N/A,28/06/2024,-,$280 萬,352 呎,"$7,955",N/A
港島東,太古西灣河,太古城 高山台 寶山閣 27樓 A室,N/A,28/06/2024,2房,$925 萬,598 呎,"$15,468",天台
港島東,太古西灣河,嘉亨灣 1座 57樓 C室,N/A,28/06/2024,2房,$963 萬,462 呎,"$20,844",露台 | | 工作平台
港島東,太古西灣河,嘉亨灣 6座 低層 E室,N/A,28/06/2024,2房,"$22,500",527 呎,$43,N/A
港島東,太古西灣河,嘉亨灣 2座 低層 A室,N/A,28/06/2024,3房,"$30,000",662 呎,$45,N/A
港島東,太古西灣河,嘉亨灣 6座 36樓 F室,N/A,28/06/2024,2房,"$1,000 萬",503 呎,"$19,877",露台 | | 工作平台
港島東,太古西灣河,The Holborn A座 高層 A8室,N/A,28/06/2024,開放式,"$16,500",220 呎,$75,露台
港島東,太古西灣河,形薈 1A座 中層 A室,N/A,28/06/2024,2房,"$23,000",489 呎,$47,露台
港島東,太古西灣河,太古城 高山台 南山閣 20樓 H室,N/A,27/06/2024,2房,$755 萬,536 呎,"$14,086",N/A
港島東,太古西灣河,太古城 觀海台 東海閣 28樓 D室,N/A,27/06/2024,3房,"$1,140 萬",708 呎,"$16,102",天台
港島東,太古西灣河,太古城 安盛台 興安閣 高層 G室,N/A,27/06/2024,2房,"$22,000",506 呎,$43,N/A
港島東,太古西灣河,雁亭 8樓 A室,N/A,27/06/2024,2房,$300 萬,263 呎,"$11,407",N/A
港島東,太古西灣河,鯉景灣 D段 安曉閣 16樓 C室,N/A,27/06/2024,2房,$683 萬,520 呎,"$13,135",N/A
港島東,太古西灣河,嘉亨灣 5座 36樓 A室,N/A,27/06/2024,3房,"$1,380 萬",685 呎,"$20,146",露台 | | 工作平台
港島東,太古西灣河,利基大廈 19樓 6室,N/A,26/06/2024,2房,$395 萬,374 呎,"$10,561",平台
港島東,太古西灣河,鯉景灣 C段 怡茵閣 18樓 C室,N/A,26/06/2024,2房,$640 萬,494 呎,"$12,955",N/A
港島東,太古西灣河,形薈 1B座 31樓 B室,N/A,26/06/2024,1房,$660 萬,357 呎,"$18,487",露台
港島東,太古西灣河,匯豪峰 中層 F室,N/A,26/06/2024,-,"$19,000",451 呎,$42,露台
港島東,太古西灣河,逸濤灣 秋盈軒 17樓 E室,N/A,26/06/2024,3房,"$1,480 萬",756 呎,"$19,577",N/A
港島東,太古西灣河,嘉亨灣 1座 中層 C室,N/A,25/06/2024,2房,"$24,500",462 呎,$53,N/A
港島東,太古西灣河,太安樓 7樓 12室,N/A,25/06/2024,-,$300 萬,352 呎,"$8,523",N/A
港島東,太古西灣河,太古城 海天花園 景天閣 低層 H室,N/A,25/06/2024,2房,"$23,500",592 呎,$40,N/A
港島東,太古西灣河,太安樓 9樓 65室,N/A,25/06/2024,-,$280 萬,352 呎,"$7,955",N/A
港島東,太古西灣河,嘉亨灣 2座 21樓 D室,N/A,25/06/2024,3房,$950 萬,496 呎,"$19,153",露台 | | 工作平台
港島東,太古西灣河,太安樓 7樓 68室,N/A,25/06/2024,-,$328 萬,352 呎,"$9,318",N/A
港島東,太古西灣河,鯉景灣 B段 逸星閣 11樓 H室,N/A,25/06/2024,3房,"$1,150 萬",798 呎,"$14,411",露台
港島東,太古西灣河,柏匯 中層 H室,N/A,24/06/2024,開放式,"$13,800",209 呎,$66,露台
港島東,太古西灣河,鯉景灣 C段 怡茵閣 低層 D室,N/A,24/06/2024,2房,"$19,000",539 呎,$35,N/A
港島東,太古西灣河,太古城 高山台 富山閣 20樓 A室,N/A,24/06/2024,3房,$900 萬,690 呎,"$13,043",N/A
港島東,太古西灣河,逸濤灣 春瑤軒 51樓 B室,N/A,24/06/2024,2房,"$1,163 萬",572 呎,"$20,329",N/A
港島東,太古西灣河,逸濤灣 夏池軒 中層 E室,N/A,24/06/2024,3房,"$37,000",708 呎,$52,N/A
港島東,太古西灣河,逸瑆 中層 D室,N/A,24/06/2024,開放式,"$15,000",286 呎,$52,露台
港島東,太古西灣河,太古城 海景花園(西) 綠楊閣 高層 E室,N/A,24/06/2024,3房,"$34,800",922 呎,$38,N/A
港島東,太古西灣河,嘉亨灣 3座 高層 B室,N/A,23/06/2024,3房,"$58,000","1,129 呎",$51,露台
港島東,太古西灣河,欣景花園 2座 低層 F室,N/A,23/06/2024,3房,"$26,000",652 呎,$40,N/A
港島東,太古西灣河,形薈 2座 中層 D室,N/A,22/06/2024,開放式,"$15,800",318 呎,$50,露台 | | 工作平台
港島東,太古西灣河,太古城 高山台 東山閣 低層 C室,N/A,22/06/2024,3房,"$31,000",797 呎,$39,N/A
港島東,太古西灣河,嘉亨灣 1座 低層 C室,N/A,21/06/2024,2房,"$21,000",462 呎,$45,N/A
港島東,太古西灣河,太古城 海景花園(西) 金楓閣 低層 H室,N/A,21/06/2024,3房,"$43,000","1,114 呎",$39,N/A
港島東,太古西灣河,星灣峰 28樓 D室,N/A,20/06/2024,-,$680 萬,426 呎,"$15,962",露台
港島東,太古西灣河,太古城 高山台 龍山閣 3樓 E室,N/A,20/06/2024,3房,$800 萬,689 呎,"$11,611",N/A
港島東,太古西灣河,逸濤灣 秋盈軒 36樓 C室,N/A,20/06/2024,3房,"$1,618 萬",746 呎,"$21,689",N/A
港島東,太古西灣河,鯉景灣 B段 逸華閣 6樓 D室,N/A,20/06/2024,2房,$650 萬,527 呎,"$12,334",N/A
港島東,太古西灣河,太古城 金殿臺 漢宮閣 7樓 E室,N/A,20/06/2024,3房,$910 萬,702 呎,"$12,963",N/A
港島東,太古西灣河,鯉景灣 D段 安明閣 1樓 G室,N/A,20/06/2024,3房,$785 萬,617 呎,"$12,723",花園 | | 平台
港島東,太古西灣河,太古城 海景花園(西) 紫樺閣 23樓 C室,N/A,20/06/2024,3房,"$1,418 萬",897 呎,"$15,808",N/A
港島東,太古西灣河,東熹苑 耀熹閣 (D座) 19樓 6室,N/A,19/06/2024,開放式,$358 萬,435 呎,"$8,230",N/A
港島東,太古西灣河,太古城 金殿臺 唐宮閣 26樓 D室,N/A,19/06/2024,2房,$788 萬,545 呎,"$14,459",天台
港島東,太古西灣河,太古城 高山台 華山閣 5樓 F室,N/A,19/06/2024,3房,$880 萬,685 呎,"$12,847",N/A
港島東,太古西灣河,太古城 海景花園(西) 銀柏閣 中層 E室,N/A,19/06/2024,3房,"$36,000",922 呎,$39,N/A
港島東,太古西灣河,太古城 星輝台 天星閣 低層 F室,N/A,19/06/2024,3房,"$29,000",707 呎,$41,N/A
港島東,太古西灣河,太古城 海景花園(西) 翠榕閣 28樓 E室,N/A,18/06/2024,3房,"$1,320 萬",922 呎,"$14,317",N/A
港島東,太古西灣河,太安樓 28樓 8室,N/A,18/06/2024,-,$302 萬,352 呎,"$8,580",N/A
港島東,太古西灣河,嘉亨灣 3座 中層 D室,N/A,18/06/2024,3房,"$49,000",942 呎,$52,N/A
港島東,太古西灣河,鯉景灣 D段 安曉閣 高層 B室,N/A,18/06/2024,2房,"$19,000",520 呎,$37,N/A
港島東,太古西灣河,嘉亨灣 3座 22樓 B室,N/A,17/06/2024,3房,"$2,680 萬","1,129 呎","$23,738",露台 | | 工作平台
港島東,太古西灣河,太古城 海景花園(西) 綠楊閣 14樓 E室,N/A,17/06/2024,3房,"$1,363 萬",922 呎,"$14,783",N/A
港島東,太古西灣河,藍灣半島 1座 53樓 D室,N/A,17/06/2024,3房,"$1,133 萬",739 呎,"$15,332",N/A
港島東,太古西灣河,太古城 金殿臺 漢宮閣 6樓 F室,N/A,17/06/2024,3房,$990 萬,723 呎,"$13,693",N/A
港島東,太古西灣河,逸濤灣 夏池軒 低層 B室,N/A,17/06/2024,2房,"$22,000",561 呎,$39,N/A
港島東,太古西灣河,太古城 高山台 泰山閣 高層 A室,N/A,17/06/2024,3房,"$25,800",706 呎,$37,N/A
港島東,太古西灣河,太古城 海景花園(西) 金楓閣 中層 G室,N/A,17/06/2024,3房,"$39,800","1,015 呎",$39,N/A
港島東,太古西灣河,鯉景灣 A段 觀景閣 高層 A室,N/A,16/06/2024,3房,"$30,000",787 呎,$38,N/A
港島東,太古西灣河,鯉景灣 C段 怡昌閣 中層 D室,N/A,15/06/2024,2房,"$22,000",539 呎,$41,N/A
港島東,太古西灣河,太古城 安盛台 寶安閣 中層 B室,N/A,15/06/2024,3房,"$32,000",714 呎,$45,N/A
港島東,太古西灣河,鯉景灣 D段 安明閣 高層 H室,N/A,15/06/2024,3房,"$20,000",565 呎,$35,N/A
港島東,太古西灣河,太古城 金殿臺 齊宮閣 高層 D室,N/A,15/06/2024,2房,"$24,000",580 呎,$41,N/A
港島東,太古西灣河,鯉景灣 C段 怡昌閣 高層 A室,N/A,15/06/2024,3房,"$28,500",808 呎,$35,N/A
港島東,太古西灣河,嘉亨灣 2座 高層 C室,N/A,15/06/2024,2房,"$25,500",467 呎,$55,N/A
港島東,太古西灣河,太古城 安盛台 高安閣 17樓 A室,N/A,14/06/2024,2房,$835 萬,580 呎,"$14,397",N/A
港島東,太古西灣河,嘉亨灣 6座 53樓 H室,N/A,14/06/2024,2房,$938 萬,492 呎,"$19,055",露台 | | 工作平台
港島東,太古西灣河,鯉景灣 B段 逸華閣 2樓 D室,N/A,14/06/2024,2房,$645 萬,527 呎,"$12,239",花園 | | 平台
港島東,太古西灣河,太古城 金殿臺 隋宮閣 13樓 H室,N/A,14/06/2024,3房,"$1,090 萬",747 呎,"$14,592",N/A
港島東,太古西灣河,鯉景灣 D段 安明閣 低層 D室,N/A,13/06/2024,2房,"$18,500",520 呎,$36,N/A
港島東,太古西灣河,形薈 1A座 中層 H室,N/A,13/06/2024,開放式,"$15,000",281 呎,$53,露台
港島東,太古西灣河,東欣苑 B座 11樓 2室,N/A,13/06/2024,1房,$408 萬,527 呎,"$7,742",N/A
港島東,太古西灣河,太古城 星輝台 天星閣 13樓 B室,N/A,13/06/2024,3房,"$1,033 萬",707 呎,"$14,611",N/A
港島東,太古西灣河,太古城 海景花園(西) 綠楊閣 15樓 H室,N/A,13/06/2024,3房,"$1,920 萬","1,114 呎","$17,235",N/A
港島東,太古西灣河,嘉亨灣 5座 高層 H室,N/A,12/06/2024,1房,"$16,000",314 呎,$51,N/A
港島東,太古西灣河,嘉亨灣 2座 29樓 B室,N/A,12/06/2024,3房,"$1,500 萬",673 呎,"$22,288",露台 | | 工作平台
港島東,太古西灣河,太古城 金殿臺 元宮閣 21樓 A室,N/A,12/06/2024,3房,"$1,000 萬",709 呎,"$14,104",N/A
港島東,太古西灣河,太古城 高山台 鳳山閣 4樓 D室,N/A,11/06/2024,3房,$810 萬,689 呎,"$11,756",N/A
港島東,太古西灣河,鯉景灣 A段 觀峰閣 17樓 E室,N/A,11/06/2024,2房,$700 萬,544 呎,"$12,868",N/A
港島東,太古西灣河,藍灣半島 1座 60樓 D室,N/A,11/06/2024,3房,"$1,150 萬",739 呎,"$15,562",N/A
港島東,太古西灣河,東熹苑 景熹閣 (A座) 16樓 10室,N/A,11/06/2024,1房,$415 萬,606 呎,"$6,848",N/A
港島東,太古西灣河,The Holborn A座 低層 A9室,N/A,11/06/2024,開放式,"$15,800",206 呎,$77,平台
港島東,太古西灣河,太古城 海景花園(西) 青松閣 24樓 F室,N/A,11/06/2024,3房,$938 萬,897 呎,"$10,457",天台
港島東,太古西灣河,太古城 星輝台 銀星閣 低層 F室,N/A,11/06/2024,3房,"$28,000",719 呎,$39,N/A
港島東,太古西灣河,藍灣半島 1座 60樓 C室,N/A,11/06/2024,3房,"$1,810 萬",733 呎,"$24,693",N/A
港島東,太古西灣河,嘉亨灣 2座 高層 B室,N/A,10/06/2024,3房,"$33,500",673 呎,$50,N/A
港島東,太古西灣河,太古城 高山台 泰山閣 低層 A室,N/A,09/06/2024,3房,"$25,000",706 呎,$35,N/A
港島東,太古西灣河,The Holborn A座 中層 A2室,N/A,08/06/2024,1房,"$17,500",253 呎,$69,露台
港島東,太古西灣河,港島．東18 高層 C室,N/A,08/06/2024,3房,"$23,000",531 呎,$43,露台 | | 工作平台
港島東,太古西灣河,港島．東18 低層 C室,N/A,08/06/2024,3房,"$21,500",533 呎,$40,露台 | | 工作平台
港島東,太古西灣河,形薈 1A座 低層 H室,N/A,08/06/2024,開放式,"$14,000",281 呎,$50,露台
港島東,太古西灣河,鯉景灣 A段 觀峰閣 高層 H室,N/A,08/06/2024,3房,"$27,000",734 呎,$37,N/A
港島東,太古西灣河,嘉亨灣 1座 低層 G室,N/A,08/06/2024,2房,"$22,500",499 呎,$45,N/A
港島東,太古西灣河,鯉景灣 D段 安曉閣 低層 E室,N/A,08/06/2024,2房,"$15,500",520 呎,$30,N/A
港島東,太古西灣河,太安樓 高層 19室,N/A,08/06/2024,-,"$14,000",352 呎,$40,N/A
港島東,太古西灣河,太古城 高山台 廬山閣 高層 G室,N/A,08/06/2024,2房,"$25,500",589 呎,$43,N/A
港島東,太古西灣河,太古城 海景花園(西) 銀柏閣 中層 F室,N/A,07/06/2024,3房,"$31,000",897 呎,$35,N/A
港島東,太古西灣河,太古城 安盛台 高安閣 16樓 G室,N/A,07/06/2024,2房,$685 萬,503 呎,"$13,618",N/A
港島東,太古西灣河,藍灣半島 9座 29樓 F室,N/A,07/06/2024,2房,$780 萬,506 呎,"$15,415",N/A
港島東,太古西灣河,嘉亨灣 1座 中層 C室,N/A,07/06/2024,2房,"$24,000",462 呎,$52,N/A
港島東,太古西灣河,東欣苑 A座 2樓 20室,N/A,07/06/2024,開放式,$120 萬,213 呎,"$5,634",N/A
港島東,太古西灣河,藍灣半島 5座 38樓 H室,N/A,07/06/2024,1房,$528 萬,323 呎,"$16,347",N/A
港島東,太古西灣河,太古城 海天花園 彩天閣 23樓 G室,N/A,06/06/2024,3房,"$1,250 萬",717 呎,"$17,434",N/A
港島東,太古西灣河,太古城 高山台 鳳山閣 9樓 D室,N/A,06/06/2024,3房,$848 萬,689 呎,"$12,308",N/A
港島東,太古西灣河,東熹苑 耀熹閣 (D座) 36樓 4室,N/A,06/06/2024,1房,$430 萬,538 呎,"$7,993",N/A
港島東,太古西灣河,嘉亨灣 6座 15樓 C室,N/A,06/06/2024,3房,"$1,657 萬",749 呎,"$22,120",露台 | | 工作平台
港島東,太古西灣河,The Holborn B座 中層 B9室,N/A,06/06/2024,開放式,"$15,000",221 呎,$68,露台
港島東,太古西灣河,東熹苑 耀熹閣 (D座) 34樓 13室,N/A,05/06/2024,1房,$438 萬,538 呎,"$8,141",N/A
港島東,太古西灣河,太古城 金殿臺 明宮閣 5樓 A室,N/A,05/06/2024,3房,$920 萬,702 呎,"$13,105",N/A
港島東,太古西灣河,港島．東18 23樓 C室,N/A,05/06/2024,3房,$720 萬,531 呎,"$13,559",露台 | | 工作平台
港島東,太古西灣河,太古城 海景花園(西) 青松閣 中層 G室,N/A,05/06/2024,3房,"$39,000","1,015 呎",$38,N/A
港島東,太古西灣河,太順樓 5樓 A室,N/A,04/06/2024,-,$346 萬,441 呎,"$7,846",N/A
港島東,太古西灣河,嘉兆大廈 19樓 A室,N/A,04/06/2024,2房,$385 萬,337 呎,"$11,424",N/A
港島東,太古西灣河,太古城 星輝台 金星閣 高層 H室,N/A,04/06/2024,2房,"$24,500",582 呎,$42,N/A
港島東,太古西灣河,寶文大廈 4樓 C室,N/A,04/06/2024,2房,$430 萬,441 呎,"$9,751",N/A
港島東,太古西灣河,太古城 星輝台 銀星閣 25樓 D室,N/A,04/06/2024,3房,"$1,168 萬",749 呎,"$15,594",N/A
港島東,太古西灣河,鯉景灣 A段 觀景閣 7樓 G室,N/A,03/06/2024,3房,$938 萬,676 呎,"$13,876",N/A
港島東,太古西灣河,太古城 安盛台 寶安閣 11樓 D室,N/A,03/06/2024,2房,$820 萬,602 呎,"$13,621",N/A
港島東,太古西灣河,嘉亨灣 2座 中層 E室,N/A,03/06/2024,2房,"$22,800",490 呎,$47,N/A
港島東,太古西灣河,太古城 星輝台 耀星閣 高層 D室,N/A,02/06/2024,2房,"$23,800",503 呎,$47,N/A
港島東,太古西灣河,太古城 觀海台 北海閣 低層 F室,N/A,01/06/2024,2房,"$24,500",572 呎,$43,N/A
港島東,太古西灣河,太古城 翠湖台 太湖閣 高層 E室,N/A,01/06/2024,2房,"$21,800",583 呎,$37,N/A
港島東,太古西灣河,藍灣半島 2座 低層 B室,N/A,01/06/2024,3房,"$22,000",605 呎,$36,N/A
港島東,太古西灣河,太古城 高山台 龍山閣 中層 E室,N/A,01/06/2024,3房,"$22,000",689 呎,$32,N/A
港島東,太古西灣河,太古城 星輝台 衛星閣 低層 E室,N/A,01/06/2024,2房,"$22,500",502 呎,$45,N/A
港島東,太古西灣河,嘉亨灣 5座 中層 H室,N/A,31/05/2024,1房,"$16,000",314 呎,$51,N/A
港島東,太古西灣河,太古城 高山台 廬山閣 低層 G室,N/A,31/05/2024,2房,"$22,000",589 呎,$37,N/A
港島東,太古西灣河,太古城 金殿臺 夏宮閣 20樓 H室,N/A,31/05/2024,3房,$952 萬,702 呎,"$13,561",N/A
港島東,太古西灣河,太古城 高山台 鳳山閣 10樓 B室,N/A,31/05/2024,2房,$848 萬,582 呎,"$14,570",N/A
港島東,太古西灣河,太古城 翠湖台 太湖閣 24樓 E室,N/A,31/05/2024,2房,$730 萬,583 呎,"$12,521",露台
港島東,太古西灣河,太古城 星輝台 衛星閣 28樓 H室,N/A,31/05/2024,3房,"$1,285 萬",701 呎,"$18,331",天台
港島東,太古西灣河,藍灣半島 5座 15樓 A室,N/A,31/05/2024,3房,"$1,060 萬",729 呎,"$14,540",N/A
港島東,太古西灣河,嘉亨灣 2座 9樓 G室,N/A,30/05/2024,2房,$855 萬,498 呎,"$17,169",露台 | | 工作平台
港島東,太古西灣河,逸濤灣 夏池軒 13樓 C室,N/A,30/05/2024,3房,"$1,510 萬",737 呎,"$20,488",N/A
港島東,太古西灣河,鯉景灣 A段 觀峰閣 高層 C室,N/A,30/05/2024,3房,"$24,500",678 呎,$36,N/A
港島東,太古西灣河,東欣苑 B座 20樓 1室,N/A,30/05/2024,1房,$470 萬,527 呎,"$8,918",N/A
港島東,太古西灣河,鯉景灣 D段 安曉閣 低層 G室,N/A,30/05/2024,3房,"$20,500",565 呎,$36,N/A
港島東,太古西灣河,太古城 海景花園(東) 海棠閣 12樓 B室,N/A,30/05/2024,3房,"$1,820 萬","1,015 呎","$17,931",N/A
港島東,太古西灣河,鯉景灣 D段 安翠閣 3樓 C室,N/A,29/05/2024,2房,$650 萬,495 呎,"$13,131",N/A
港島東,太古西灣河,藍灣半島 1座 57樓 H室,N/A,29/05/2024,3房,$836 萬,565 呎,"$14,796",N/A
港島東,太古西灣河,東熹苑 華熹閣 (C座) 24樓 2室,N/A,28/05/2024,1房,$478 萬,603 呎,"$7,927",N/A
港島東,太古西灣河,柏匯 11樓 C室,N/A,28/05/2024,開放式,$355 萬,209 呎,"$16,986",露台
港島東,太古西灣河,太古城 安盛台 寧安閣 11樓 G室,N/A,27/05/2024,2房,$750 萬,530 呎,"$14,151",N/A
港島東,太古西灣河,成安大樓 5樓 A室,N/A,27/05/2024,-,$238 萬,356 呎,"$6,685",N/A
港島東,太古西灣河,嘉亨灣 6座 高層 D室,N/A,27/05/2024,3房,"$37,000",742 呎,$50,N/A
港島東,太古西灣河,逸濤灣 冬和軒 13樓 D室,N/A,27/05/2024,3房,"$1,685 萬",860 呎,"$19,593",N/A
港島東,太古西灣河,太古城 安盛台 順安閣 中層 F室,N/A,25/05/2024,2房,"$22,000",580 呎,$38,N/A
港島東,太古西灣河,匯豪峰 低層 D室,N/A,25/05/2024,-,"$21,500",470 呎,$46,露台
港島東,太古西灣河,太古城 星輝台 耀星閣 高層 H室,N/A,25/05/2024,2房,"$23,000",603 呎,$38,N/A
港島東,太古西灣河,嘉亨灣 1座 低層 C室,N/A,25/05/2024,2房,"$22,500",462 呎,$49,N/A
港島東,太古西灣河,華堂大廈 13樓 C室,N/A,24/05/2024,-,$312 萬,267 呎,"$11,685",N/A
港島東,太古西灣河,形薈 1B座 高層 A室,N/A,24/05/2024,2房,"$25,000",491 呎,$51,露台
港島東,太古西灣河,百利居 16樓 A室,N/A,24/05/2024,2房,$575 萬,389 呎,"$14,781",N/A
港島東,太古西灣河,藍灣半島 1座 36樓 C室,N/A,24/05/2024,3房,"$1,235 萬",733 呎,"$16,849",N/A
港島東,太古西灣河,嘉亨灣 5座 高層 H室,N/A,24/05/2024,1房,"$15,500",314 呎,$49,N/A
港島東,太古西灣河,太安樓 13樓 2室,N/A,24/05/2024,-,$275 萬,352 呎,"$7,813",N/A
港島東,太古西灣河,太古城 高山台 龍山閣 21樓 E室,N/A,23/05/2024,3房,$910 萬,689 呎,"$13,208",N/A
港島東,太古西灣河,形薈 1A座 26樓 B室,N/A,23/05/2024,2房,$848 萬,469 呎,"$18,081",露台
港島東,太古西灣河,鯉景灣 B段 逸康閣 12樓 H室,N/A,23/05/2024,3房,"$1,158 萬",799 呎,"$14,493",露台
港島東,太古西灣河,嘉亨灣 6座 中層 B室,N/A,23/05/2024,3房,"$40,000",749 呎,$53,N/A
港島東,太古西灣河,太古城 安盛台 興安閣 4樓 E室,N/A,23/05/2024,2房,$818 萬,583 呎,"$14,031",N/A
港島東,太古西灣河,The Holborn A座 低層 A5室,N/A,22/05/2024,1房,"$16,000",255 呎,$63,露台
港島東,太古西灣河,東盛苑 20樓 3室,N/A,22/05/2024,2房,$335 萬,407 呎,"$8,231",露台
港島東,太古西灣河,太古城 翠湖台 太湖閣 14樓 H室,N/A,22/05/2024,2房,$700 萬,583 呎,"$12,007",露台
港島東,太古西灣河,太古城 海天花園 啟天閣 11樓 H室,N/A,22/05/2024,3房,"$1,228 萬",759 呎,"$16,179",N/A
港島東,太古西灣河,太古城 金殿臺 元宮閣 低層 F室,N/A,22/05/2024,2房,"$24,000",580 呎,$41,N/A
港島東,太古西灣河,興民大廈 9樓 B室,N/A,22/05/2024,1房,$260 萬,192 呎,"$13,542",N/A
港島東,太古西灣河,嘉亨灣 6座 55樓 A室,N/A,22/05/2024,3房,"$1,490 萬",675 呎,"$22,074",露台 | | 工作平台
港島東,太古西灣河,嘉亨灣 1座 低層 C室,N/A,22/05/2024,2房,"$22,500",462 呎,$49,N/A
港島東,太古西灣河,形薈 2座 11樓 C室,N/A,22/05/2024,2房,$950 萬,565 呎,"$16,814",露台 | | 工作平台
港島東,太古西灣河,The Holborn A座 高層 A8室,N/A,21/05/2024,開放式,"$16,000",220 呎,$73,露台
港島東,太古西灣河,太古城 星輝台 衛星閣 中層 B室,N/A,21/05/2024,2房,"$24,500",582 呎,$42,N/A
港島東,太古西灣河,太古城 高山台 恆山閣 26樓 G室,N/A,21/05/2024,2房,$825 萬,581 呎,"$14,200",N/A
港島東,太古西灣河,東熹苑 耀熹閣 (D座) 10樓 10室,N/A,21/05/2024,1房,$448 萬,606 呎,"$7,393",N/A
港島東,太古西灣河,太古城 翠湖台 洞庭閣 27樓 E室,N/A,21/05/2024,2房,$610 萬,489 呎,"$12,474",天台
港島東,太古西灣河,太古城 海天花園 啟天閣 低層 H室,N/A,20/05/2024,3房,"$30,000",759 呎,$40,N/A
港島東,太古西灣河,太古城 安盛台 寧安閣 13樓 H室,N/A,20/05/2024,2房,$895 萬,580 呎,"$15,431",N/A
港島東,太古西灣河,太古城 高山台 龍山閣 中層 F室,N/A,20/05/2024,2房,"$22,300",582 呎,$38,N/A
港島東,太古西灣河,太古城 海景花園(東) 海棠閣 8樓 H室,N/A,20/05/2024,3房,"$1,930 萬","1,114 呎","$17,325",N/A
港島東,太古西灣河,鯉景灣 D段 安澤閣 低層 A室,N/A,18/05/2024,3房,"$24,000",648 呎,$37,N/A
港島東,太古西灣河,鯉景灣 C段 怡坤閣 低層 C室,N/A,18/05/2024,2房,"$18,000",494 呎,$36,N/A
港島東,太古西灣河,太古城 海景花園(西) 綠楊閣 高層 B室,N/A,18/05/2024,3房,"$39,000","1,015 呎",$38,N/A
港島東,太古西灣河,逸濤灣 春瑤軒 48樓 E室,N/A,17/05/2024,3房,"$1,580 萬",710 呎,"$22,254",N/A
港島東,太古西灣河,鯉景灣 B段 逸榮閣 17樓 H室,N/A,17/05/2024,3房,"$1,020 萬",739 呎,"$13,802",露台
港島東,太古西灣河,東熹苑 逸熹閣 (B座) 22樓 3室,N/A,17/05/2024,1房,$450 萬,603 呎,"$7,463",N/A
